Headline,Published Date,URL,Full Article
Reliance Retail -- next big thing for Reliance Industries - Moneycontrol,"Tue, 23 Oct 2018 07:00:00 GMT",https://news.google.com/rss/articles/CBMirwFBVV95cUxQcnI1TXg4RW1JTEQtakptdzlFQTR2NEtyY01Cb1pzamxZZk1ES2tJV2M1NGt0X3lPQi1zN2NoUnRqY3Y1YUVVcExtZklUMHV1YXpuLUNNTThMSDVCUFNPRDM3eUd4cmRtRXBqQ2s4czNqNlVRYjhUWWN3QjYtUEFRSC1JaHFmZkZ3RDdxejFfYkpKQlVGVERzQXM3a1Bzdl81THVqbXlCTDlzaC1yNm5v0gG0AUFVX3lxTFBVNjVha2JLcWRkMDZFSG9nTjJ4a2NkR0lzNUN6bW9hR3FHQXkyeEJiZ1pHVEh0VFV1djhZRTltWkl1b3lYTVJsQmpTM1NFTHRGb3FjV2JRSVBEWFcxZGI2UF9BWm52WFZrT0RuemhlT0ltQUxWZ0N2STZueFl2NXFkNU1wY1BSaTBLYTd0X1RDYWtOUmdXbkRGeGJ4ZVJISWl6dDZXb252cmhxZkMyeXVJR3NzVQ?oc=5,
RIL aims to cut debt in 2018 - The Hindu,"Fri, 26 Jan 2018 08:00:00 GMT",https://news.google.com/rss/articles/CBMilgFBVV95cUxQb0Zodk8xaWVSeGtTVDE1LXdyS3o0a0MzNkpKUlhTakNfbE90djRJWkFpSHlsOEpqVHNhWTFzSXpadTBmWDN1YVpKWGkyOUNBOG4yZk9QYzFOcFljLXJmYzRNSmVvNFcxV1NacFFCS1ZiOVlsdUJTbEN2TTB6NFN3NENOekd5OUVPNEFnZVdtSUZDTERVRWfSAZwBQVVfeXFMUG9ZbnY2aDZUVmFWeW5Oc0JJVS1lRWppQXZDcUJiT3Rka2NkWURKamItNFQ5NURydFJJTzVHNFc3RUstckxRSzBkWExUZmdHdWJSZ3NOb3ROS1FPeWNocFA1aEtWR3MwUi10SzdSMWVfbXM1U1B0ajNRMjZMaHpUS2NIallhRGFmdHNOZnVteUpIejJaZndQV19SRGNr?oc=5,
"Reliance Industries pips TCS by market capitalisation, stock value at all-time high - CNBCTV18","Tue, 31 Jul 2018 07:00:00 GMT",https://news.google.com/rss/articles/CBMizAFBVV95cUxQSXVweXNVZWNWb056cWptTDQ4QnJscU5PZHkwQV9TeV9tcVZwR1A2MEFqX1RwRGExQ1BXSW83c25Ua1pvR19udVFvLThkRkM1V21kOVVham5MZ1RtbmhKYXlyVlgxb2FkbjZOTi1TNUdxUVowY3daaGtMU3NRS3VQc2QyRm5YYi1aZWN1Y1pLRTh2MUtFTm5iTHNBanNCOGQ4ZGJWUFZHTlRvbkVGLVd2Z1ExcGdlcHV3SmQ5UDk1SDh4WG5Fb05oSnA5Wk3SAdIBQVVfeXFMUDhlSE9rRkMtaS1ZVmpFbWJiNGlZdHdPR0NuclJ3SV94bEFSMHlydE1GT0Q3ajg4MzhOd1c2NVZONl9SdkFJeE8wMGp1Nl9aME5CaGhLbzRIRlB4alNfUnRTMXNVVXpIcUxDZEdsV2d5SkN4UHljVGdOVlEwLVUyUnFHY1NleU5aUnFIbGkwR21mRDJqeGU4Um83NUNCWlJOMVZxN2lGZjc2VWJhREE2X1hfUEJZV3RFdTZ4RlBOUWFRZVA2YzdiRWtBSUJxY1dMc0N3?oc=5,
Mukesh Ambani gets additional 5 years as Reliance Industries Chairman - ETEnergyWorld,"Sun, 08 Jul 2018 07:00:00 GMT",https://news.google.com/rss/articles/CBMi1gFBVV95cUxQbC1WbEhRUEZZWS1HeFpmMnh0aXlZSXZMWkN2UVhHd0N4emF1eXlYdGttT18xQmtGN2tiMXNIMEpfXzRJS3gxV0xUZE1oUTl1a01HRU55THRXa3Q1WjY5VFBWbDB0NGdocVNNQzU4RGllNHI5cHYtcG1sVFR1aHNnVV8zWTY5YmNrblFIVUJIWTZmMDBtQ2s0eTlxWGliNVl1NVItT2NzMzRLM0J2a1Q5aHozV1JCNTd6WjUwRTJiSTlLeHlETy1ILVlYYnBNUVFTYjUxdlZR0gHbAUFVX3lxTE1qSTBQQktmVGRxYXItWEpuX3pndVpRN28xc3ZWUURwNGFFd0dYaFd4RUltS0lkeUFQX2pVRTIyS3RocWxzdGQ4S3ZuMHpZVGUzYktta1U3TXJWMWpDVlNwOHIzd1NpcGtnaEh5SEdhYXV4aEw5TGhITURORHZNdF82QjFaZjJ0V3Rjajc2YnpzT1h3bU56aG1CZFVacHd6Y0lZaWlBUHVtdVl6MDV2cWY4MEUzNFcxV2dHZ0NqNGZ3ZlJsemlfVXZsR19MQWNLSEhBdTYxUWpQT29Fbw?oc=5,
"Mukesh Ambani's Reliance Industries to ride on Jio, retail to double size - Business Standard","Fri, 06 Jul 2018 07:00:00 GMT",https://news.google.com/rss/articles/CBMi3AFBVV95cUxPMk80MHpUMWQ2ZXZSd1hrWHFaOUNtd19JNWowd085cjV5UzhtRXlyRFpkT25wbC13ZlM4X3ItN01PYUh0NjRCLXhSXzlaQjJxa0JMTWZ5eV9VSkpvTmdVcjdlRW1Ma09WaXpzNzN6dW9WWUxRVVBEcHo5TW40dkVYN2dTb2hydDVLMml4aDR4by1XMVlvUmdKZi1qbHNfT0hRTC1zY2NYUDU1dWxFb3hTd0h0bTFZYmxQNm9PQ1dyQTVKVGFhaGNlWXVyT1ZxMUVUdXA3OFJiV2FNekhR0gHiAUFVX3lxTE9ERkx0YUYtZm5oS3h1djYxNHVDanFSb2k3bkhfdHFTWlVHSTlqb1hwaUdoNFF5Qlh4c25yX1pwVW16bVpmQXllMU5XV1RtelZHR09Da3lkY0UxYnRCR01kVGFUUkhnNHhXbXZFWWhtREtFU3dnZFpKeERCbDVBb1d4Z21vckdTaGE5WmJpQ2lJYlZBdzRDN1A2Y2NoaWxXNFduNnZEVElYN3FzY1RWeGlnSFExSGtub2ttU0VhencwQTM0ZjNtMFdJaGlYMXcxZ2RzazRaZU5qWWJqdkNkTl9NNkE?oc=5,
Why Reliance Jio’s March quarter result is bad news for telcos | Mint - Mint,"Sat, 28 Apr 2018 07:00:00 GMT",https://news.google.com/rss/articles/CBMiugFBVV95cUxQTUVwWjh4eVRYSjNWQmxHQk16UlhpQjBhUnkwbTF1YUd3QjhKc19LU1YzUlAtUlBMSTFWX2oxQjRxUVhNNHZnUHI0TnRucUFpczhfZ1pyTTBVOWVkbDJYeUx2ek5lSXI3a0x0VXN1V3V3SEVJdWx0OVpxVkZhVTRWaF92b1c3dWJsUS1iUUJENVlMNWF2SzJwNDZEOHo1WXdKa05zUEgzUTM5ai1vMkVISW9DbTFqMk1jLVHSAccBQVVfeXFMTkFNYlhjMVo3ZkR5VnJRaS1pQnkyTTJBNzduQXdYU1p3akhiTmFlaGIxWGRHeG5CREk3SnhyQlhteXBESGE2bGN6VlNET1BJMXJvNFhBcHY3SFFqSk9nZXE1d2VGeTJBYUxQYWFnWXZLM3puVEh2QkdEdUp5NVJ5VFZGc05YYmZzZFQ3X28yN1MxSi1pX1VveU8xcUZ5dlRuZkwzTzFhOEJVaDR2ZmUxMFdCdXFHLXR5ZDl2Rkgyc0l1TURsbEQ0dw?oc=5,
Reliance Industries declares force majeure on gasoline from Jamnagar plant - Business Today,"Wed, 15 Aug 2018 07:00:00 GMT",https://news.google.com/rss/articles/CBMiygFBVV95cUxQNlM2WGVyemV5OTF0cXA0ZmU0aXZqMmRraG9vTHFwNWJESUFDbUNCbFVMNmJtVkJnMG5adzYxOGVZdVFrdUVzQmtPQS1CMVRIVGMtMW90MEQ5bWJRZXQ4NVJiLUhkNHpxYTNwUFNfV1JTc3phVEpvbGZNY2NrQ084dXJhbWF6WXRqakg5YVVzNXNTQllKa2VjZW5uMG5EMTdCZjhJODBqSWp5cWhiczF3REx5R0M1UHJ4c0RYVjlaZUk1NnY2YnlaMGh3?oc=5,
Reliance vs Reliance: This chart shows startling gap between Mukesh Ambani and Anil Ambani telcos - The Financial Express,"Sat, 01 Dec 2018 08:00:00 GMT",https://news.google.com/rss/articles/CBMi7wFBVV95cUxNRWI3Y2RQblBibUU0ZkhtN053WF9fLWw0QlJKYzhGTEhibU9idm4wUlRKYUNSWTRpemJzRE11anJtR3JYbUdzZktVTnBoV1RwaXJzMjF4Y3R4dXlSOVpkNGR3NjV2WW5hYUpoSUlOcW9id2pNQk4xLURZcVJmeGEyVzZaZlNLRnBfWmxqYXhJRjUtZVJ2VTVNbGMxZ1Q5NDVlcUxTS3oyQWNxMmlDT2VEel9rMV9rX2d1ODlJeEtaRXlYT1NjZjh0NVBNdHJBSjBBZEwySThISnZMYWZOWWwyZWY0Y2ZZa0Q5azZVU2MtWQ?oc=5,
Reliance's Mukesh Ambani earned Rs 300 crore per day over last one year - The Economic Times,"Tue, 25 Sep 2018 07:00:00 GMT",https://news.google.com/rss/articles/CBMi3gFBVV95cUxPY3NzZ2s0am1oREVZMC1Pc1V1ZEZ6N1c5SG5NRjhBRGgybGVBUlU5eTRjVjljU092ZkJEaFJ5Vk42RkF1dV9uV1VHNmdNTjV2cXVXWFZJRU5GeGJNd2ItVGQxcTdJY3o1RFpWTjJveVctaEtPSm9aU2w1cEtKQWxINE5GQzRXajB2Rzh2dXVrVXB3RmQ3YnAwTHFtZmMtNkFPVF9qb2hYNVhBaDIzZmNvTkhjd3FQLTJRRGpPdFVScUY3TkZYV0IwZzAwcVQtaE5tTU5Dc0Rfa0Q2TmNaSnfSAeMBQVVfeXFMTk5jT21mbW9fVExUOWNVMXZDV0xUTThIM1BNRWFTM3dLUUxYZ2M2RjJmaHdLSC1nMWlJU1ZoSVpTV0RTZE5ybk5PT3k4LTlRZnNuQjNGNTlQRHdReUtKd0tDRFFJaUQ4dV83YW1BQmxvTEF0OGFEbDNwM0xpR2lrUWoxWTdCaTRtX3VaYlZleGFrUTlUNDdWSDQ0WUFaY0YyOEJHSExOamVGdDE5SWpSX2pxbk5UYXB1ckpoRVlkMGZZUXM4YWRKcHMwTDh1X2M0ZHRvUWs5LUM1T3JEM3RwWkt6NDQ?oc=5,
Reliance Industries invests more in US-based AI firm Netradyne - VCCircle,"Wed, 26 Sep 2018 07:00:00 GMT",https://news.google.com/rss/articles/CBMikAFBVV95cUxPdF9Ebi1vQ3VmR2tScE1QclNNT0NCYUlrblZ0WWNLQnFydHpUcEl4LWNVSXFvY1FjTHAtWXRtM1BjdTcwMFJiaWMyNy0zZjd3dzgwMGI1aTlKQnFWa0lpX2taanZTeVN1VkhfaFpnM2c1c3poUnVZX2VwWThac1g0SlA3OUZqWnl5ZkFFTU9Bbjc?oc=5,
"Reliance Industries results review: Another quarter of robust growth in petchem, Jio - Moneycontrol","Fri, 27 Jul 2018 07:00:00 GMT",https://news.google.com/rss/articles/CBMi8gFBVV95cUxNNllWMFg4TERFVHhfSE1tUWxoZGg5WlBocW56UkVpMkxmMC1jU09wZlNwMWQzU2lQcVBrQ3dxeEhCOHRmdlNYT3RhSjVRVFo5V3B3QzFqWkJfZUs3Ny05bkFabzQwN2tpS3l4Zk1UZ2hSR2FQUjlhcEc1RVR6V1B1UTBaWWFLRXRLNzcwbVJETW0xQUlKeHc5RzU1cXV1M09xOFFfTnNoUzFHTEVHUm9helJhVkdidmZSNkRTb04xbzk4WTlOOUExMGhmQ3RPa2hpc2JqRG1RSndJQ1R4OTBxRFZDNEhfNjNKSXROTFNRMkxuZ9IB9wFBVV95cUxNX3pGT3VpVzhIVnU0MEtGVlREVXdiR3U2RmxLb0xWcUZISWFlWm9ZTnF5bXpmY1FPcmZwUjZydGU2QThpSlRwcUZHajcwRzU3dzI3eVRSeGlDazV3SmZMZDF6YmdyRXVMMTFhV3ZtakJZbllnRDVodUk1RnRsRXR0b1QyOTRhOEhkWVAzNmFJSzR0X2NxTE5ESnhmZ096T0h0dlFxNkxNc25JS2p0WVBnbEFLMTlsOWxrQXUxSExZN2Vfczc2S3hkYkh6elNVa25WQkRHN3N2Y1hFN3dXU29yUzlVMnF3UGdYdDRIZld3QlpTRE1uWjM0?oc=5,
"Reliance Industries hits new high, gains 10% in 3 weeks - Business Standard","Thu, 14 Jun 2018 07:00:00 GMT",https://news.google.com/rss/articles/CBMipgFBVV95cUxNUVFFYWxYZHM0VDJuRDRUOWthUURHUmQ2VldwcUZUc3RGLWc4R0dFSVRzQ0hxaTEzdzFheUJHUDNmajN2a2dyMDVZbGV4QjFYWHJWaWhGRG41ZmNNTVVtZU1GTG9vRnM2ZGJwZlYxTVlNakF3YjBmQ2lQazNNVlRyT1NkM29QcHBtZUJ3X01QdTd5eEZmYlJlX3NDMWIyM2tXTFJHQWpB0gGrAUFVX3lxTFByZlVvcG92QnV3eGp4ZjRpX2U0a1prMlBsUW9YTjBtdDluLXFVLVU4aHR2Z3ZKOEpyVXVlTUNZdnEtX2RvMHB2Rms5SFhCZTRuX3NiYi1SSlNEZmp1UGNuNTZjeVA4SjdVcDBBNHFRNlR1S3MyQ3pDZ19oSWZmWjRaZkN1TV9yMnhNeFk1OFRCc2NkZHhlSUpEYXFVUGg4b2YxOXpzSFpPc1RJSQ?oc=5,
Why investors are unmoved by RIL AGM announcements | Mint - Mint,"Fri, 06 Jul 2018 07:00:00 GMT",https://news.google.com/rss/articles/CBMirgFBVV95cUxOVmo0WnpWSXNQR19HeGlMbGpKMWxZaFVFX2ZCbmZaZXFkbVQ3Q0VPQUdkaUktMHdmbElLVXpkeHpSeS0yT0J5dFlZa1ZHZlRCOWM0VFFpWkpPR3ZfOWhuZTBhcUc1N1pSbzhNM1FPcFFVWmVsSWlHSHdHcFpubUMxb0Q1SE1BZEFQTTB2dzJPZ2dEVkpqOHp6VkVkV1pSalpSbmE4SGlORTFJRDVNclHSAbsBQVVfeXFMUGlGZnoxS2tPa0tPSHFMUmp5N2kyenZVUVlGSVRJNExmT0tlRk16aWFJclpFWDh3M1hrSlpKY2Z0TDB0b2VJV2xiQm1Jd01fckdhT2dMaWE4ckVXSDlaU1pKaGpCSE9KOWZtUEc2UnlyQUJwdWNKVURPNGNTakVTWm11VWRXZXMyeGNOenp4bldaLTEtVGlJUS1RaDFMMjJoT3BlSDlIQ2M3UGh0bXhsbjdZY05oMGJPUEFvZw?oc=5,
Reliance said to plan expanding world’s largest refinery complex - ETEnergyWorld,"Mon, 19 Nov 2018 08:00:00 GMT",https://news.google.com/rss/articles/CBMizgFBVV95cUxPYmF5M0VXRGktckUzcUwtbUZGT3VJZjdya3U2Zm1nak14RjJtUG82ZDQ0ZjVueTFUejEzZU9PVGxsdFBMZHptczluYXVvMmRvM2NXVmczbW5XNmtQbnRvUG8xT1Eya0dPM2Zka2pPdXlqY0lfNTlaY05lU0h5WXhHZ3lBNHVhTExwMGNhOU9keDBtdXNDTGNrdThJa3BxNUFjdXJxNk96a2ptSEEwNGNTSG1ueWRoa2JpeVVWaWt5eW9QcVE4MWh0S0RGUVEzd9IB0wFBVV95cUxOdkdYS01tQkxXTkdVOXRuekxEWXBRVmZ5RGl4amRFY2Nsd0dmUVJHM0JLUU1PTEIzRS1ZZVFJR3ZDN1c5a3RLd25LaDVyck4wRFVlRzNXV0tkbWU5WTU3cjZTbE5Ib2p0YWh2dS1oQVJsQ2RkVUtZZzBzYUhhSzRPU2tXSXkwN2N2VUQ2cGY5dXFFd2ZkT0JkTlhZZ2k1MkxlWkpMandhNXJxR3ZrTm5RVERSQ0E5MHZhajhUX1Jma3lGS1ZNeklpNDYybGx4RUxwTlc4?oc=5,
"Equity fund managers load Reliance Industries, TCS ahead of big jump - Business Standard","Sun, 15 Jul 2018 07:00:00 GMT",https://news.google.com/rss/articles/CBMi0wFBVV95cUxQT2s5YW9raEZrQjZza0NiRVdwTks0cUQ0bHJZV1B6ZU96cjk3cm1vYXEzRm56aHdXMF9ZLXZOcW9OSzNENHp5cG1OdTBLRllJbGk5RVZJdDZ6c0dKU3QtRUhiUHZqY3V0OEhNdHZUVzE3NUJkUklJYW5lZWR5c3ZmckI3TUluNlRfUWFaczlVS0laWXRDY0V6VTRVUEJyazFwaFVjWkhjRW5mRk9SN0pWVUpiRXhMQndGOWNCRnQ3QXdwd0hBMmlFeVBMYkI2V1ExTHpJ0gHYAUFVX3lxTFB0RU1xcHdob2VoMEwzalZyR09MdFZHVHcyUmVVdTNlR2N4ZjdMWVRrMFJWeUdEcHJSUWRKNnZucjRZdFdJcjlyazZKY3lubERnY2o1LVh2UE1VVUdqQVlnWnVZbkxzYmVZRFFyTjNhRkVKdTFUaDZfenpTRzZEN3pYZzFLekhGaExpcXlwU0lxLXJxSVRRdENnYmZnU2FiOFRtckJjcWJjRy1KWmdNUjEyR1BDamhEYVFTV1JnampmVDZaTk9RZ2IwMDhOeWFCWU1kTjdLN3Eyag?oc=5,
Mukesh Ambani could become Asia’s top tycoon | Company Business News - Mint,"Fri, 13 Jul 2018 07:00:00 GMT",https://news.google.com/rss/articles/CBMivgFBVV95cUxNdmwwZjF0OUlicnZVSTRiVjMwV3lzTDNYV09sWGl1WnZzLWhrTGNCeDNGZ0phb3hlbUVRbTNiOFZzdTIyRy02OU1TS2FpejRLOW04MDFLejFldTM2d1FsbW1ybzJUeXJpZ3JKVkxkb2Ezcm96cFhTVF9fVDRFZm8zUE8xNmFMUnB5VV9IeTBOSm5oN3QzMDZ4MFZWWmlNdE51S0ZkSmRUM045TVFqTUFkeHpsVnhhT1JUQW1vemhR0gHLAUFVX3lxTFBYR2h3VF8zbzBYLVNkemQtVVhPTFE5ZXZNd0xsVTNtRWp6Q0VtZjRwOWNUbGtsY1ZUamN2OEs5bTVPR09QRmhONEI4QVhlTVhJNE1LQWI0WGtoMDdvQm9Kc1F2c01pRzhrT3gtcFJXU0xZNWNUdUpCOFV4bHUtV0FXSU1XTkdkRjRtdHhPaFNvWjB3cEJIQTdQSHBuaWJJZGFzQjhEaGt3X090eXktdVY0M3BhTlo3RDBkQy1aYnppQjlpMXVOWjdmNGdN?oc=5,
RIL 41st AGM: Key takeaways from CMD Mukesh Ambani's speech - Moneycontrol,"Thu, 05 Jul 2018 07:00:00 GMT",https://news.google.com/rss/articles/CBMiswFBVV95cUxQaU5lVHIwMS14d05VUWxsWERPT20tRlRUalR1UVBOaHhCdEFHNm9BcXd4eWdXSFlsN19UMmt2bmpXeWd0Q0ppaUNuOU03by1GVThyeEh3bHd6ZklFQ09sWHpSNlc4Q3UtQW9weThETmNGT2VVSHFSWGEySVYxOWlVSndmN21md0hId212aElhWmtKTUtPRjIxbko5cHdLVXVrMjdicU1RZm9COWhpcmNuUTlLZ9IBuAFBVV95cUxQNjRibGpNSTJjNWtaUS1SaVYzVFAxbFFfSTRYLTJWN291MGEtaTVHZFZMRE1rNENpbEtJN2tFV1hzN1dqV2lsQ25wZk1fcWZMYUMzZk15Y2hKekJNZDFhSTQ4ZmFTNC0tTjhRaGc4UTVCZ0FWc3ZfLUJ3WWxvVWFLSkZBYjYyR0ZGM1lHYU1JQXh4VExXSWZmbnJIdC0waS02NEozSm55b1VZN2M5Wmh6bjEwdk1EVmJM?oc=5,
Mukesh Ambani warns of ‘data colonization’ in Amazon’s hottest market | Company Business News - Mint,"Thu, 20 Dec 2018 08:00:00 GMT",https://news.google.com/rss/articles/CBMivAFBVV95cUxNYzJ0YXRad19Xa0NMdkpMeUhtRmZJdnUwZ282TEJ4YlhVNjQ4UDdQZ1VFRWRlMGZXNDhaQVBlYVZkaFdIQ0lSaXFOZGlVMFFqMGdiTjdGNUNhUEluY1JMNE9aRGtVaG12ZzI2VUNVUV9OUllOR0dETDI3YXpWaXp6MHFSRVc0aS1uUW8zb3VXVUlBOWJ2N0txNS1QMkJxcWFkNVE1cDRBQ3J6Qmo5T1lfZzR3Y3Z0V0pjVk1yTdIBygFBVV95cUxQSVFOb0tyWHNyRFBNV0pEVVBvRzZZVXlacWdpdGVCN3FNRWpERU9lYk5mdk9BUFBmdHYySTBkZmtSZHh3dXZIMzNMOXRmbDNkSUhZTTQ2WmtOMGpVWjlDX2JrcmRRODh3VlNGX1FkWFUyenk5aFc2UXdFZnVrU0lnSVFlcWhhbUI0ZHhqaFUwN1lYVjZIZzNXM3VUQ1k4MUM4ZUsxd2oyV1o1ZnZoc0IxNGJuSjJzd2laV2dGdTFyRDRUeXVWc2wwRW53?oc=5,
"‘Golden decade next’, Mukesh Ambani’s 10-year plan for Reliance Industries | Company Business News - Mint","Thu, 05 Jul 2018 07:00:00 GMT",https://news.google.com/rss/articles/CBMivAFBVV95cUxPQ0NyUkt5ZXNfOEU1dFVXRmd1bU9mWnZNTkRyRy1TaHdRRHZJSmZnWFdPVWc4Qm5FbmtmbEl4T2QxWE0tRmpiNmdEWV9jUnFCR1U3TzYzNFBNamotaV9LMDRGVnpPUU82ME5tTDcxNXN6QW5WdkE2aXJjTkN2eWpJcUFZaW1qRk9ya0xTSVJzc19LcHU3YU82WWdHTEVKdzhKN1o4SDV6aG1NYVN6dFlMS0VLOF9MTjM1a243btIBygFBVV95cUxQX3VGRFFZa1ZHeDRuLVI4S2JicGVMMUlZWENqajhGT3JKUnNyb0tlVW9YZjdmTHpWR2N2TUhhLUVfVGZwbnBNZnBvS2lUWVRJekUyTFVyQTZGbXlEVW5DUmpVR1B3MVlnNDhyaFdyTW9wUDllSVl0MlE4Ums0N1JpVjhPYlJORndVcEVQZlE5VHJJeUprVF9sU1pRRHlRWi14U3lHeWhQcTB4XzV3WVFNNnV5ZWxYaVZLRUtJUEdVd1ZBZDhOSlZKM0pR?oc=5,
Alibaba explores joint venture with Reliance Retail | Company Business News - Mint,"Mon, 20 Aug 2018 07:00:00 GMT",https://news.google.com/rss/articles/CBMiugFBVV95cUxNdHR2WWVVQ0RDVU5VdURvTDIzbnQ2UTVfcWRXU1RmRTJNM3NfZlFNQTlsbndZaUx1NmxRVzZYUXVKQ0hrOU90M3NBQnpFTjBVSEFYR0ctemFEMWRQYThYVkEzY3A4eEYwUWtUOVgwU1RUdjhUbXlRMnBJVjZiVFFMSmlFQk5xZHJ2MzFyV2VKVlZaSE9vWWFtckkxcHNSdGtITldaUENVOERpVTktUHItckJPdEp2WEc2cmfSAccBQVVfeXFMTjZyTmdVOW82YzBmNy1kUkVsMkRFRk5kSmVxcjdVMWNNVU93clM2NnFvU25iM295QURqZEtiMFhhclp2Uk9RUElqUlJkZ2EwV01WRDNjMHQ5M3lJYTBwWFpmVjl3V2JCZGNFbTBaREFnc0ItejhVb2pfRjl5RGtTckZGdWxZdDhMUjZuWk83RThlZ1Z1NXVzaW00WlFpUWs3RW14U1F4SHlkUC1uX2N4emJUbENEc1hMS2ltYWExdHVmN2FxYnpOUQ?oc=5,
Reliance Industries to acquire 81.7% stake in Saavn India - Business Standard,"Sat, 24 Mar 2018 07:00:00 GMT",https://news.google.com/rss/articles/CBMixAFBVV95cUxNNUFSbWZOZDNWb2VTVTdCWkJwYUFTUnhaaW9oeU04RDlYZjlCNERZcC1UbmNtU2ZKc1F1YkJkQzRzeUhFQ3BRa0FESUoxLXlpTmh0NVpnZmNrWV9JeEJYa1ZuU2tqRDdsQU4zbGh3SnBTY3F3OWZWaTZabzVCdTdzUS1BalhzS05zY2M5S282WlNrODBFMldma0J4bFlIWUVsUzFSLVNNYWVKLU44bFA2UXRNWnYwM2JDQnQ4RnBWOFplSjdx0gHKAUFVX3lxTE5vTkhtOC1RTGx6a1NLQmF0VzJmOV9GVkZCMnV2cWFWOFM1UGtsMUFlRlhKSFlrY2pSbGs5cWEySVYydDdudEZOQ2hTem9tbHZqaUF5NTBkVm9CZ19Ob3BFQVd0OVZlNHVlRXVFM24tX285OUh1YVhtT2gtaVpvSmhSU2NqY2Q4TjBaYlJzNE12T2l1dXprbENuSnh3U0RxV2gwOHBDLXRkLWI5NDFFR1BjM1BpcmIzVlYyQ1ltSjhNUzJPSFpTUmdxeHc?oc=5,
"Mukesh Ambanis Reliance Industries to take on Amazon, Flipkart, others! Heres is his next disruptive plan - Zee Business","Tue, 13 Nov 2018 08:00:00 GMT",https://news.google.com/rss/articles/CBMi0AFBVV95cUxQV1JPQ3JYVHdXeVBqdG8xX0FMQ2wxN19Qck4xN21IZ1RWb3NQUEt4RmphOWkxR2xqZU5hTUVBbVJqeTlLSkhfemI2RU1ybmlPelRyOUlScllzbERtVEIxTV96YVJSZUVQTDA3aEk0b1JsQmM1YlBYcE1jb1JtVG1uY08wUzk5aVRnY2txcUQtRDNlYWM5UG5nX0FLZDFpNENORGF2QW9aZlRJaHlnWkMzX0ltNGlUQ2FlMzJUMWtWZ2REQzlSN010Rkc2Q2Z3dWpq0gHWAUFVX3lxTFBiRU5NUndZc1cyNzFwdXJNU0d5Y3dWZjZjQlQwN2NXUGxGU0VfaDlqMktEeWM2Yk14QUJRMmZSWWhuQ0J3LUJTSENacWt0U01IM2xqTVFfcmlfUHdfNC1PUWwtNnFlcVR3NDdhSC1neW1ZSUhqVXhSQktoM3VWa3ZmSTVsNXJjbDdHQkZkOU1sejc1SGRhSDZOZUNuZmFRSGxLSWlKSzRIbVVyN2FKTGRhTUFBcnNiX193aVR0ekJHSmhOMFVYdmJMSXVJTlZXU2dPaXM4VFE?oc=5,
Reliance Industries plans to raise $2.7 bn to refinance high-cost debt - Business Standard,"Sun, 29 Jul 2018 07:00:00 GMT",https://news.google.com/rss/articles/CBMi2AFBVV95cUxPRC0teW1ZUUJfYmwzZWRkNzZTcGUtbjBDOGJmd3NPa2lGeEptYU51NVRub1BBSUpuYlRtMm96VDVKai1iMG04Qk85RWZVVlRQajZLU2hPSEtuNHB6bDdsVjlKSkZzck9XNHNWcG4xcHdfVmZsWnZZYk1vbTAtZE9PS0V0cjk0bmdCeFpmdUU2S0p6bHczWEVyd2NWelIxQUdjTVg3N3ZjNnNvSVlXMnRDNDJRUHdXZ2lCNDdOTVJ4T29fbmlwZkQxVHptYWVTVl9TYVRfRVF2WHLSAd4BQVVfeXFMUE1UMEdaVmJNNVB4OU56MHpZZlNBQjM0MjlRQXZDTkQ2VEFYQTRfb1Y0NzRkQXJPYzQxS191M3VjSkh0UVUzQlRMb2UxMld6aWZPam03N3g3a1I3NnFJMExXRVhPQjM5VVMwaG5fYXBIZWs1MWZUa2pqMEQ5TjhKT2NGR0U1UUpQa3NoaC1TS0J1aC1ITzBMZGZSVlZQN0haLVZ2SEJCel9MTFFKalVqeVhSN085VkVNM1JncllWR3dYaUlMb09zMHM5WVplbW43dUc4MHp5VmFQSzlxbmtn?oc=5,
Reliance Industries Wins $1.7-Billion Claim in Arbitration against Indian Government - Blackstone Chambers,"Thu, 02 Aug 2018 07:00:00 GMT",https://news.google.com/rss/articles/CBMivAFBVV95cUxNS2FPQ1Byd3Bibm9mZXJPY3pxNVR2QXRpLVlnUUVpT0FaWWJNaXRXTFcyUzZGOEl0b1pIQTZ0Sm51dGhGYldaM1lOX3d5QklWa09tbWg2eHdmSV9yeFV2QWthQWRjVnFjbEV6UFpWU2JBVkhCV21vYkNRMDk3bW03NmxOR3lCT0E2a3NJWVk3RGlRdEYwaTBNTmRrU2JmOWFTZjJiQUs2cExfU29RaHpvX0lNRm96TjhaT2RiNA?oc=5,
Mukesh Ambani's RIL may list retail arm Reliance Retail Ventures in 2019 - Business Standard,"Thu, 22 Nov 2018 08:00:00 GMT",https://news.google.com/rss/articles/CBMi2gFBVV95cUxPVk1wUDl1eF9heFJ0SjNLcnBEVTA4ZWloeHZsQmh3dlNnTmJYWFJCbDE4LTJWelZuVXB5QVotYUNWLVNsVWUwalNaUnJBTnh2dDk2ay1VVDFXd0g4ejFXUkVzbEIybC1ZVVJ1MnhWUnktUGdNa0NSZENFNDVjT1BVOXI3LW9CZ25UbWFRUXZwcmdRbUszYTVfWVhaTGd0S3lWamlENl9iR01JRUp5VDAxS2xWOEtSblJhQmN1aUFGOVJ0N2lxcEdfRDl6OUZNWjVXWFQyeHpGWTBfQdIB3wFBVV95cUxOZjVXV3dPQ3VZZUtoSVRocGtEd3FnamFWaHZQRmxnbjlIeXF3dmozWE1Wa1RKRG5xV0tncG82N1J6ZEhSQ19lLURSSF82RDBMUVBXZG9IQW1iYWh3U3hsR3llNkd4T2pFSm5OOVFCaHFZVno1bTJFYkVFOEpySGEtUndDQmFwdEx5ZzN6NFI2T0hqZVYzUVZtbHFRbGFrdm16ZW93LWRVTy1ETURwNlBZcnBJNGEyaWE5MVVQX1NSWVRfcFBWN1dsVWMzN3NnSVQ2Z2NtY3lod1hId3J2cmtF?oc=5,
Isha Ambani to wed Anand Piramal: Reliance Industries and Piramal Enterprises - a comparison - Zee Business,"Mon, 07 May 2018 07:00:00 GMT",https://news.google.com/rss/articles/CBMi2gFBVV95cUxQYkNQQ0ZROVFkSUpZN0J1TUlVZzA5OWticEVfQTFyY2RXM1ppRXN4LVV0U1FIVjJDNnlmdllIQ1EyY2M3azl5RGpZckxIcV9TV0ZoX2NYek5Rc1AxWUpfYm01eUlWaTlVMGljVXZBTUNHelNFWkRIQTJUNTNDWkpTYWZiZUFtVFU5RERkSFpzZ09ZODFaNlZuWHF4RnBnTzlVaUJDeFZWelhTT1FQYnN3VXBZYmRFRURrRGlTUFdWR0xZVHRKLXpIb1pqOW00SGMxVHJJWkI0TjRRdw?oc=5,
"RIL AGM highlights: Mukesh Ambani unveils Reliance JioGigaFiber, Jio Phone 2 | Company Business News - Mint","Thu, 05 Jul 2018 07:00:00 GMT",https://news.google.com/rss/articles/CBMiuwFBVV95cUxQZmlnOHp1d2dVNGJWeEphTnZkZzY5aGhhRVVOZS1GQXlmNzdQaDlBTG5nUWZSNWxQQTE5akZlMWRyUjdacWM3MlZSMjY5WXZiMXBhakl0V2Jac1J0OEpmazZlRDBnYzFFUjBHNmszMzNPLWVkU2d4RmRQcWpOQld5akh0Z0FIVEU1ZFZQQUFJQm5ZOXA4cHVOVmtCUHVZeGxPR1hEQVR4alhxaFVXMFd1ZldRaUprVS1oRXZV0gHIAUFVX3lxTFBWZmR2OTJxeEkwREU0MHJRV2hNbnhUNllRWWxBdmZnOFA4NDhrd3pTbUs2V3BIR0lUWFRvam42TmhKajFnbmdOdUMyVVFzaWswbkdFeW9tc05XTmo0Z2ZZT3JFYU5CQ0pvRE5UX2ZWOUZMb2pFLTV2TDdNbmtLbFVsb2FWSkVtV05xVDllSVV5ZnFwaV9vVkVVT0hqRy1DZnduRE1MVlExWDZ1TW9kWHBqZGNEZDJWNjlBUTd4dmM3ZjF6b3dUU21s?oc=5,
Reliance Industries buys into fashion designer Raghavendra Rathore’s firm - VCCircle,"Thu, 05 Jul 2018 07:00:00 GMT",https://news.google.com/rss/articles/CBMingFBVV95cUxOTy0xR090RFoyRkFaM25Hb2JOTGZUN0E4TF96dFd2cGtuUnRkSTNKM0ZIcDZrWGZHaWJmZTQ5NkdqRll0Q294OVc1am9TWlFvMnBYZndVcDRoMEFSVWQ0b3R6SGZxUFdQd2lMd2drUmVpRW4tamVIajhHS3lMbTdwR0dqaFN6QVktUWJBYmYtaHZxeEpoS3cyOHJEa0RBZw?oc=5,
Reliance Industries plans to borrow $6 billion in consumer push - ETRetail,"Thu, 19 Jul 2018 07:00:00 GMT",https://news.google.com/rss/articles/CBMiyAFBVV95cUxQTHdlSU9EUTJUVTgxeGdqRnJLREpqSkdtSy1ucVE3amJOa2J4Yk5xcTBBNmRTS3BFNW5oNFRYVy1wUkQwLTA4N2ZwUUNaOXZrNFpfN2JsdmpFbEtsdFA0UE15anFrMjE2MDI5SnVWMzA4MlhKN3pMSHNDWS1uOWdBNzdGdEJLd0Z0dG5QTUs1VkJwVV9FeEQ2Sm9NbUFmQjl4UHFjWjJLdHpKRWNleGpSbkRzOTJxOEdSVC1GOWkwSEcyMUQ5d0J1Y9IBzgFBVV95cUxOUC1NMW5TZV80Yk9RSG5US2FiR0dmX1F5dVFFNmVMVmRKU2ZlWWdnSzZxb25xeXdOdTc2Y0tlX1ZrVmtJM09sdEtTVGM2MG5LZ2E3MDUzck4xd0ZJMXpaYm5LdjhLVWdwX0hqU2k0bTBsN3pydlJLSEdtQ0gtR0dzX2pJUXowaklXTUdqRTRWRmFtQkxFN1F6ZzNuQ2I2ek9nUV9nczNmQ0x5SDlZR2NDdFNUeVVwRk4waDk5a1Rhbm1zX2VjVDRfaTBEWFdmdw?oc=5,
Mukesh Ambani-led Reliance crosses Rs 7 lakh crore market cap for first time - Business Today,"Fri, 13 Jul 2018 07:00:00 GMT",https://news.google.com/rss/articles/CBMizwFBVV95cUxPaGpmUzVZNHlxMGVsSms1YTA0eVdOa0lXcjRWY3BCbVprdUZhZ0xPVUREU3U5MUx1bUZfX294WTREdzlLZVIzMHRzdDVmQVh3ZXpCTU5LbDZlU1p3Q3VESGpoTy1aWUV2ZkN0Q3pYQ0V6UVhDZVNHSHJENU1KZm1CcHZGbERpQTZCZFBHWGR1dkpObm9URURpZEd4VlF5RzZIcE1OZU1KajVPZEZtb0N1RkMtNS1WanU1Xzh4cUxpaGVOZTdXMEl1TmtwYzhiVWs?oc=5,
Reliance Industries investing in India’s first carbon fibre unit | Company Business News - Mint,"Fri, 15 Jun 2018 07:00:00 GMT",https://news.google.com/rss/articles/CBMitgFBVV95cUxNdnlKeE12TUJzNVIzRnZyUVNNeG1xMXVmSk1SRWh3aUFhd21PNHFPRko0Q2V5RVl5SGJoYXpVNi1XYXlmMTFyRklLalphdGtiak45Z0xDeUFheXRMX1BxNG1ORFFPYUJfTlBMV1djWVVHbDJGTVZqanNBa0g0bnFxM2lKOGxmNUJaQlVpbkhtNjh2MkNBa1E1VnctZHpOelNJY2FQZ292eU5nb19ISWcxSzQyYWIxZ9IBwwFBVV95cUxQRkFCUEI0dHJIX0s0WTdlRkV4bHRTNVlvT21kMy1XTnY1MnRPS0tZelptaVIzeVVMemp4LXpNbkhZVTFhNjRUdG1yU0FUOXJTRU1UT3N6cW1uMWdYeVd6V3M4V0JRVmhjd0p1SVFZbW9CTzdYX2J2QWpISnJONjdoNVZnS0wybl9Xd0xfRndpcmpFRFNXV0NLWk8zWjJTMjNfelhBUjdUd2RNM1RNWG5JQk5XWU1wY1lVVy1uc2I1Q00zbEk?oc=5,
Mukesh Ambani's salary is less than some of his subordinates - Business Today,"Fri, 08 Jun 2018 07:00:00 GMT",https://news.google.com/rss/articles/CBMivgFBVV95cUxNMHBzTUFJLXo0SnBNMHJGdFdSblZSNW9KUGExOFBjcDNvQ3BjaUVjZk9TNm5pMEVWQ2NpUVJwaEt6OHBranQ1alo4V3BWVllvd1pNTmlJOC1JWGlIbFFNbzhYWEdUV01ETWRjLW1EeXRUM3ItemE1WFNJb3U4b2FGRWxVTldHTFlGaXdoVG5pSE5sVy1JYVhqYmxvcGYtMkNCWlc5clVnWUJDS3VhZUltQWhFZDlnZEplTHdidER3?oc=5,
Reliance Industries unit invests Rs10 crore in KareXpert Technologies | Company Business News - Mint,"Wed, 23 May 2018 07:00:00 GMT",https://news.google.com/rss/articles/CBMivwFBVV95cUxNWnhCVUp6MTR2UjRPVzBMamxCNW1OZ01rc3pqTV9uVE41SjBLNmdJNzA4RjFfN1pxRnFDZ19kY0NWbVNpbHNtMVF6VWhpN3lndFkxVFdOTU4ya0Q3UHFMY3NLcXlGTnY2dm9xNmNoekRKNlh5ZEh5TkhaRV9rM09va0w3dExsNjFEZGRIVFBCbklKS3M4SXZnQUdSYlRNR3VweXJYQ0FoWGhRTG05UmpwS1IwYTJoQl9sSHZ4ajczWdIBzAFBVV95cUxOR2o4OElOV0ViaEVJeUZvLTYyYjdHaFZQZVNQTjJGNW5SMTloZ3BUMEx6ZmpHMTNKa0Q5OTB3Z2pyOVBja3ZQdzBGWHllTzZhQkloY0VTWFdvWFRiTmVGYlZyamhDTjNaVlhBVkxENHIxeGxTMFExNmRlcWdveE9DUTZmVm1wal9aVHVtZ2JteFc0STlSNHR6NzF5UkY4WXcwT1lmeFVrb3g4cFlkQ0Zvc3BIQ3ZiVHYtUVVoX3hSZDdvNGh3T3VqNDBxMXc?oc=5,
Reliance Industries shuts its only oilfield in Krishna Godavari basin | Mint - Mint,"Fri, 21 Sep 2018 07:00:00 GMT",https://news.google.com/rss/articles/CBMirAFBVV95cUxPb0JMa0FTN0o2S0g2RHM1cDlQZU01OVh2RndBYUpTQVQ3S3lNUXpFNnBlTDlIWERoVXJYcjAxWkgxeUo1WHhXSFN6WlFQM21uVHVmUGszY3JJS2JzUFlFRmJLWS1rbVM3dndESkU2d01Ta2VfNk0yZzVab29yVG9Fa1E3V1BpV2RqYlFXcXpvZ2xub1VQSmx4THdhN0hwWlZLNnBrYTdEVnZKRE1H0gG6AUFVX3lxTE05VFBhZVIyVG9kMk01YVpmZmJoVFhlTkx1dkh5X1VoRzE4eTJua1BWS1otM3pwbDFTdC1rdzFkbmJDZWVZOW1oVmhzaFdlNnI5YnVTTGp3OGFsQ1VBQkdocmJPOGFyd0ZYaXBXSEhBdEk1OTNSLVBRWHNEb2xxNml2RTdSSkg0MGV3WGtWTlR5LWI5VVhjMXhtUXFZdVotM181VGhwTzZocUpfZFNmc2toRjJRM3BVUlliUQ?oc=5,
Reliance Industries Limited - Facebook,"Sat, 30 Jun 2018 07:00:00 GMT",https://news.google.com/rss/articles/CBMirwFBVV95cUxPZ0VCTDV6dFpNQUMwUUs3Zl90Y2ljZEhRYjNmLVJSd2NPM01FVVJ1UFI0ekl6dUpsTDNyaFNNLTc5YkNLUXlNMGxvSVpubG81WnB5Wkp0Z1JWY3dDamFvTDBaRXUyZmQ0bl9vak9vZXp4azJQdlVYd0RvZndoT2VlQ1oxam1zVWYtQkg1amp1VjU4dDlsRl80ZkNKRXZ3V1Z5cEY5R285SHpsTVBiNkpj?oc=5,
Big victory for Reliance Industries in ONGC gas dispute as tribunal rejects govt's claim - Business Today,"Wed, 01 Aug 2018 07:00:00 GMT",https://news.google.com/rss/articles/CBMi7gFBVV95cUxPNV9zdDZBOEg1YnRtbGNrWkJ5Ym9heFVEaEQwM2h3bGdDRURnazkzbGhCTnRab2N5NHVEd0NIS1I5VF9tRzdKb1lmNE8tOFY4SmotZDgzd2cyZ1N0RS1aSEFfRF9sLVZ3WGVFRlJNUkRibW12THAyUXFKSFZ6Y0YwNmVVTllmaXNhS0lFXzhodU10LXJVa3ZxS1N1eTNjUTB3V216Mmp2WXhHZ1c5Sk1sLUN5QkV3UVFVLVlUd3N5cWg1V183Z0FPVWtyQVBDclN0d0RCNWwwQU03bjIyZW5ua1FhUlR4UUJHSUUxVTF3?oc=5,
Arundhati Bhattacharya joins Reliance Industries board as additional director - Business Today,"Thu, 18 Oct 2018 07:00:00 GMT",https://news.google.com/rss/articles/CBMi8AFBVV95cUxPWF9SLVdnQk9LOFVqZGUxUVBzVHBzcEVuN01XdGlOMkN6WTRYcHRlb2VxazJWTUlPMS1LOTBJX1JDZGRqN3ZqekZBZFVybjIyOFpFVlpPdzRQcEhzU0VJaHNRdzQwS0xtbEFZSjlKaWVZOTRPRE1BZk5Bazk2UHpDWGdPS0VESk0ySUJHQ0lsOEk3ck1Xcmh1Ynd5UzB5RW9vXy11a0YwOWZRdkozTFVLd2hhSlkxR0tMN2tVQldTZmZOWEJ0RzVkbmhuT0ktWmhzajlvdktYclBzVlF5Nkt2VDIyc3JwT3VKNFJ6YXdvOTQ?oc=5,
Reliance hikes petrochemical prices to offset rising oil | Company Business News - Mint,"Sun, 07 Oct 2018 07:00:00 GMT",https://news.google.com/rss/articles/CBMiuwFBVV95cUxOMXdQaV9fU1pTU1d3UTdQdHQ4MnRHbmVMeXBKRFl2LUVBYk9WQndxYXM0NENvZ3gxVjJYdTZTVmxlVlVfaC1rMUNhd2xKYXh6WDVtMmluVk9JM29LSW1GdTRSaVZFUTMzVENlbVItbFJ5Z1B2bWRia3d3MkdnTlVVaU5EUlZTZEZyUkh6RTkzSnpOc2JxcTdDY1d2SnVXOFZnWDhscjMzS2JiSHdwNjhpXzBRelgtWFpVM09n0gHIAUFVX3lxTE55TG5zWjhvdGkzc1BiM284a0cteW1ROVRWZUVCcjdkdl9rMGx1OFpSRGxZRG5ISUpHcU8zY2tlajNtellfLXpZV3lrVUxGakhLMG1DMmNIMkdZVC1xaVhXQm12cmlYdkUzM25FOXRlM0QtSjJPczhZSFVxOVBGc2xTUFI4c3VfdVlLQnNLNXRLOV84NWhWSmU0ZnBMQnFOM1V1QXkwMktiQWNGbzJjeTBodm1UbXBoc2JTTl9fT3N1TGUySWpMamNq?oc=5,
Media release: The Magical World of Disney Now on JioCinema - Facebook,"Thu, 27 Dec 2018 08:00:00 GMT",https://news.google.com/rss/articles/CBMizgFBVV95cUxQdWlfb1hMNjZjNTdaTTJWWi1vWjRMYzhISTVpd28tSHVEb2FkdlNkeXRzV3pwdndZa0ZtNUNxcXdJQkUtSnpUbjFJRHZkcXVET05oZTFNNEd4UnJYLVhiRlNEYmFhaTJoZjdESXh1c2I3X0lkbHcyVFBXM3Y2bV9RQUJtQ2dYUU9nOV96Mk02dEpZbTZ0dXpsYUJvR1lNN05ZcnNoUFZkLU4xYnoxMHV6ZG1Lb2FKbDN2aUg3UU1zc21fdVFuQXdGZVdKR05qUQ?oc=5,
"Jio Payments Bank, Joint Venture Of Reliance Industries (RIL) And SBI, Begins Operation: 10 Points - NDTV Profit","Wed, 04 Apr 2018 07:00:00 GMT",https://news.google.com/rss/articles/CBMizgFBVV95cUxOVjExOXVnWEJEeXFxNHdZZURlM0YwSWhvN2V3SmRQSTg2UkVXd0FCcnZ0RmVOamxBVm53bnRJeUV3ZWhSSVA1aVdBZ0VZUXRMQ1JqZWthSlFYNjZDbkxZdUszS0FqR3RWMUlLclF0TFhJSTZITFhRR1BySUJrcWZfTENscU9JYi0tOTVjREhmd2lFVFVkUnRQRERrREJ2a0RBM1VDbV93WjhiVU0xeEJJclEtYTNJMTFKM0QyUGJPa1JqVUNtMFdoVV93aExKZ9IB0wFBVV95cUxQTHB4dzFXX3M2YmtLWElJb1lVVWMyN1lvTFNGeGlCa2drNU00elBOQWVEQWFDNVBENlJGRjlxMFpONkNyOV9UOUxJbDhnbXRJaU1oNGZyTXdqQTBFR2k1MnV1T2Y3ZjBzbjhtd1NGX19tbDNickpUSlNta3ZTTW1MTGYxWEVsc09xLUdheWtzemM4ak1ZZ0xhU01UemFRQnlYWmRHTnBmOHowTGxCbFY4eW5FcEdXR05pSTZzMGNrZkNCSlVGSHN5YmpCZDVucktfMkhr?oc=5,
Why Reliance Industries decided to pick stake in SkyTran - Moneycontrol,"Thu, 18 Oct 2018 07:00:00 GMT",https://news.google.com/rss/articles/CBMi0wFBVV95cUxQYktPSHpncmtBaWVpbTlUTjNvVTdMb3FwekYzZHZzRkpRd01aMVJLa0VHVDZjd2V0X1pod254SUljQWMtRnZ4N0lfZjN4bkYzcXBLWlRUb015cVNfRmdqajRZWW9pWXBUaDc2c1FoakhEdTMyREx4eVpMSkxSVHhtU0VxTm14Snk1SmNIVlV5V3BsZ0MzZGwxOGpaUzlma3RaTk02ZVVmTTc1RzNNU1N5QmVrZ1BhOURTSkxoNkFlSXVzSVcxNnIwM0dEMG9NcDAtM0Yw0gHYAUFVX3lxTE1vNHJnRXpSX1FoN2xhTUlMUk9Qa2JLZ3k0NTgzU2lfR2EtQnQ2MlhsMTA4eVVnNXMxYW9FMllMWklhbWdEQ0VZeTZDTDViQWhfcUJmUlBHbmpEZmZWcUJRYkVveTVlcTc0c1hLaWRaUGpBTnlaRElFUmZVa05xaUwtZlZPNUF2YnNoZHUzS1psYXN5b2FlM3ZRQ0M2VnlmTzdobjYyTFF3dGNkRWs3dzhLdUh4QUVYbnpodnFaaTVNYVBWa0U2bFZhMFA5VFJFR3R5N0ZZS1NsOQ?oc=5,
Reliance Industries testing Jio Payments Bank services among its employees: report - CNBCTV18,"Wed, 24 Oct 2018 07:00:00 GMT",https://news.google.com/rss/articles/CBMixAFBVV95cUxNMGFZaloybFdYRWRvdUpsR2hMNDNMTGxtWHJxdURwNXBnZ0g0MEhfUWdQb01ET2NKMjFaNllnRFRtd3ZWLW52ZUc5bHg5UGkxVWthSmdDSjFwYlhNaEV3WkdYbkEyd25fMmE2UHdLM1Z0b3M3QzA3a2s2Q001QktVbzczX2txcXRHcVJKRnYtTlRfOVBxNFgybFFRdDFrcWd0WjNTQlRfZk5tQXRGcDJDejhSOGJNTzZFX3NfeEJpRzZROXY00gHKAUFVX3lxTE5NeXhpcnhJOGwtVDMxcDVQamdNVEYxb3J0Z1VqQlNvM1JsNWx1R2xVUzZfQkt0OTRIa29scExlRE9zNy1lbXJqX3kyc1UtNDhMSUlLRlFvQ05NRl9HV05aS0FHcFFTOTR2YzZNRTFMREp3M0YyaWlfdVlRb1N1OHZMWW41Qk9JdTJDNFk4aEh3cllyZld0Z3U3U3VSMU9iS1ZVREc5TThuUE55M2E2UmhxU0J3MHhBbEJWdmdGM296ZkpONG5iWXZVb0E?oc=5,
Reliance Industries permanently shuts down MA oilfield in KG-D6 block - ETEnergyWorld,"Fri, 21 Sep 2018 07:00:00 GMT",https://news.google.com/rss/articles/CBMi1wFBVV95cUxNUGNoOE5wbU1YczBGM25DRlhnaVV6QTh1Szk0U1M3RVE0QnBpOFdjUHZtaV92RUZ6dFBDUTA4NGhGelFWYTA4Zy0tczRHNlI0c1JFS3dPbXVkblVnVkZKaS1yS2hwcFlyTjRHeWZCQ09OR1l4bXhIRV9ib1RVSXltcWdRSERWbUp4b2tTdGYycF9zVWN3SFpWd3NaMHlyeVpXRlBNdUlqQmE3Wm5yX0NSYnVhY3hNckEzcG16WG9uVXo0eG5RWEk3WE1UY1BKQm5xNktjNEdDWdIB3AFBVV95cUxOX3lXdGpYMF9SNjVFZ3lrMGE2VWlDemQtRHdEMnBvU1gyRkZpZHZzWHRlaVlweHNHN0tqVFFwUlNod1NXWUl3UVlqSDhGMzQ3eFlDTkpMR1VjeXZIc0tMcUFZLVV1eVNLMFJ1elk4a0FMZWszakRHVEMwT0ExM0JhU0x2YkZodmVPLXRCdTQyNEVPNzBtVUJuNk9nRGpFb05pS2Z6VURZV2YzZTZfWjh5OUZ4Tlk3TXFKQ0NVOENLcUdfOXpobXVhOGNFZlp3WUlLN01QaGFYR1dwQmN5?oc=5,
Reliance Industries seeks extension of Mukesh Ambani's term by 5 years - Business Standard,"Sat, 09 Jun 2018 07:00:00 GMT",https://news.google.com/rss/articles/CBMi2gFBVV95cUxPMFpQelBrWjI3Y0FMY1JMS1dVUUNpOEpfRVdGTHA0S1oxTS1qQ2pZTmc5ejlyTl83OG54a2hIVmRacktJYjZzRUZJS290ZG5FX3gyTHNNNzZ4bzhUZlFSQXFlRTVESTV1MENrQk5nS1h3MGd5RHlONmZQN09pY3JvZjVwOF9mZ0hBcWVSSzlTZVR1b2Z6Q0pUdTkzQ3ZlMHdEWHdncDRzWDAxZVllU0FSbUloTDUzaU9JVlcyYTdZUHc5dFhUTGpHYzgtaUZyM1lqNlgwVmF1Mkl0Z9IB3wFBVV95cUxNV0xXOTB6NmdnZWNucVNFaDdtaUdKaFptWWRTUDRLeUMwc2pBdnFhLWpHYzN4WE9mMmgyZnczc3I2dEhDQnVZQl95UUFXbmtDeUc1TjdKMEtPSXgtd2ZxUHE0T0ZkbXp1VzIya2d2YUJPR3NUeEc1SFVkX3g4U0xfU3FwbWZoTVpiQ2NMWXF1SzZvN3hxMEZZaV9MR3NhelBrVi1faDFETVgxbGVjVS1aWG1lOXFnWkJ2c1JLQmJjUUhGOUF2bV81LXFGSi1fUjI0cUU4dkx3enU4NGZJTnYw?oc=5,
Mukesh Ambani Topples Jack Ma As Asia's Richest Person - NDTV,"Fri, 13 Jul 2018 07:00:00 GMT",https://news.google.com/rss/articles/CBMiqgFBVV95cUxObkVkTFhqcE5WMTJ5Ym4yeFY3dUJhNWtJd2lfYTVBN18yWGhjb285OVpYaHdrVG1CT1AwR0c5TTJjdmN6bFFnVC1RUlYzcnR1Y05qdVZZa3JMOUJpcmpBVVVKMlpyQjhKUjBjTnQ3MzdoR0FjQUdUeGstTUNqYXdZN3pNOUVfRUZ6SmNtRE5nSlZDa1FGQzVIckZFalJfTUFWajlIS1l1ZjhvZw?oc=5,
"After years of global success, Reliance Industries faces oil shock at home | Company Business News - Mint","Mon, 29 Oct 2018 07:00:00 GMT",https://news.google.com/rss/articles/CBMivwFBVV95cUxOV0lLQ0NoeUkzQVpaa2RRaDNKNUpLM1NuTmVGNVNJUW9OS3VCSVJvUkpMS1pab2JBd1lEVUY0R0hoQ0JyV3Eyd2JDdlNUVTlHY2h2MWVsX051YjFQTFNLektrRGV5Ym1PamdndjZ1UmtwMjhheThvTDBROFhCY2dUSk5yVHJCNUZmT2RKTGljVDBsWTZmRVRTbFhoMkQybmtORDJLU0NKMlNWUXlneDlaS0h2bnI3TmtZUHMwby1EWdIBzAFBVV95cUxQclJYdjdiQ25RWWxvQzVCYlkwTzlLWl9yMzFpa2s4R3BzMTBueTZuSXl1dXhUblV3SWRMNE9XWnlxb2VRV1pkZmFwc1dNbjhVVlRWeks3c3V6eXp5X1JzNE9zakNXZjZhWXJBTzdqNWRnM3AwWGl4OXlYWWRmUnZuVk5yMkV5MnI0Nm92eWdKQzY3bTBBXzYzd1ZTUGFVNWVhS0RmVWI3anBaSlBvSXhMY0xvcFc1Q2kxOXJIU21yNGduNXVmTEFueVdPSE0?oc=5,
Reliance Industries: Refined prospects - BusinessLine,"Fri, 19 Jan 2018 08:00:00 GMT",https://news.google.com/rss/articles/CBMi0gFBVV95cUxNeXFJeVQ0bDc3RGdaZ2tkWXM5U3djbWNnUVhpTlgyYjltenNJM3JxclAyNG13c05oY3VUanRLbTRHcGR6dVA5NWZXOVhhLTBoZE1KT0k4R3pvS1BMSmUzXzhuZzJLNGlQcU1MbVlyS2JmcjRRR0hxbmFKTTBlaDFqcTdqRWwyWHVtdzZIdHNGekxTNVI5Zjh1MllvNlpiYzJlUzZiN3VONEtHZGRaVlNxeGJLcm1DMkNESmY1MTc0c2VwX3ZUMUJUTURxeHZsQWhsUGc?oc=5,
3 killed in fire at Reliance Industries rubber plant in Gujarat - The Hindu,"Thu, 29 Nov 2018 08:00:00 GMT",https://news.google.com/rss/articles/CBMi0AFBVV95cUxPSi1uZzhLYjYxZHpPUWl5MFI4TEJzVkZ0VTd0UXE0ckJJYlVkZVlKOV9KeUpZeldjSzkxYkJXT0c4YTVwcy1YSzRLUVpQUUFJN0VPdnN5RWZxS0hWeUZ1X012UWRma0RhN2haRjBuV3JuWGYtT3QyWWNRWC1BZGNLNzljZGo4R2RKMGtnQXdhaXhiR21TSUlveUpMdnVNbHpzc21adTdnc3NodHBTV291alE0VTk1UW5xN2dydWNmeFcya01rVjUtU21JSGdkd0pH0gHXAUFVX3lxTFBvNGpNMk9ra2lfTHBnTkY1UTNLMGdubG45dU1nUU56Z3h5Zl84YmJmb2MyZTNQN0piS0RyUWhJMGhCeW1qTmdoeUFabEVMNFlzUnJoZWdTdVRBSm1nSkdXbzVETnBKanlrMHItTld4Z095b2w4Z3ZWY1RRRXhKSU81b0lCTG9hdk9WTlI3WXljcnNCSHNCXy1NTl9XQ0pJQ1pZN0FyV0JtWDVJSmctWVVJb2V3WGl4bkoyRHo4VklYNzUyY2l0NUR6VVhGcXV6X1ctTVNXMEpV?oc=5,
"Saudi Arabia, Reliance In Talks For Refinery, Petrochem Project - NDTV Profit","Tue, 18 Dec 2018 08:00:00 GMT",https://news.google.com/rss/articles/CBMisAFBVV95cUxPdDZXV2l2TlFHN2N5R0FkQ09jcVZnYU91R1dsVnVlZ1EwbnU3dWNJSVhfQ0JhRTRqRmg2Zm5XNzlQQzdlN1dzSUtyczBYV29wejVxQlBFTXBmcXZUUUM3R0VOY1J3UjRia1J5WUo4LTBDNi1fbkxGZlB3aWV1WlFuQ0VZdGpHSzlMVTJLaDVjS1lMelNOMnBPNEJBdVhHTlk5N2VWNFFaSnN5Q2ctdm9tTtIBtgFBVV95cUxOZ0FBNGY0VW1uR0lqc3BLMWJhRHdVMWVjQkZhU1MyRjkwUlBrRHAwRkVkT0NEYTFIS1NBUEhfYW5lNjFHalJ0YS14em5wbFZPSEVOUXJkRHUzblhXMHN2Y0V1OGxONGQzVk9yQS1yLUZVZFJvWmxZTElmTVprbDFHV3ZjdC1tNkI2NjFGZHdkWWxTQks5c19BNHpSeS1UNUNEcno4QllpZ1NLekNZWGFSMUNNeEQ3dw?oc=5,
"Nayara Energy, Reliance Industries, Shell likely to join OMC price cuts - Business Standard","Fri, 05 Oct 2018 07:00:00 GMT",https://news.google.com/rss/articles/CBMi2AFBVV95cUxQdl9zNmhwMWFOMXcwOE1McXRlb21nYnBoVXJHTDd2elB2ZjE1NTFJeEN6c1JsNWl2N1VJMXpIZzFENnVPZllWa3dNOXFwQVRPY2lIX2RrUjdHWkt6OFNUY3EtSnNUMkQwaE1CWlBTNW9UbExWcm1EYXpMaEVlcGN4OWI2c3B4d1RFTUEtcnhmN0tOb08taG1YMFB3dlBBWkpjby1ONEVEak5RMkIyMzlTMEY1VWVWMEQ5TTI3Sk9GcEcyNXJzX1NEZm9ZUVVUbGpoUTByU0V2VjfSAd4BQVVfeXFMUE5pWVZjWTZjeV9VeGNnclM0cjh4Q0w4SDMxcUdMUUItQnNzUXpoTUhpOVRBSElnbE1ibmNBUHZfc0E4eEdJMFBhemcwTU9mNmI4dWRyNmNJYmFiUnJjemlLVUJtNlYzalEzUDcydklrcVZqWHphVzlfbTZoYmVDUGYwQjlSWjdrMm9hVVc4LXRiZUROdU05T0FrSnRfN2VOM09MSEd1S1Y4SU5qV1otQ1A0ZTVwQndyOWgtUzBWdl9yWmdxanhVYjBnN0NsLUp6cFZsVnNCMGFmNnpKMmtn?oc=5,
The case for a Reliance Retail IPO | Mint - Mint,"Wed, 27 Jun 2018 07:00:00 GMT",https://news.google.com/rss/articles/CBMiqwFBVV95cUxPa3pMeG1zSEVIckVZa0puUTZ3LTROZmdxTGlvYzVHRUVkVzlUZEJnWTZGV0liUFlDMk02dzlrQjhUeG9EUnNLMUJSN2VkbTBCbkY0TE16WUg0V240V0dVdHp2bWNUSDR5eWtucHlwYm9ZVE9qSWU4RHQ4Y3c1clBNX3lMTVV5VXlHME1xS0JKVHMzUURnNjdvSUpKN3dvY1AxU2xrQXpOZDJCbzjSAbgBQVVfeXFMTWRTU3RRM25YSHR5eXFvVHpZSDFwRk5CWUsxX2lqeUhpTzNXNGY5NndkR0VKcGJaQzB3cG9wMWg5S1pEcVI0NjJZWFVMc1Fubm5MdmlCekt6YTBNUjh6ZmhySHdVd1pqeXdyYmNoSEpQUFZjcFVtZ2FyMEJtVTJ2OUtYdTRiTGIyc2F3UDBoaXN0MEY4WXZsX3BhMExGc0ZxSmVlSW84VWRRUXRmVW0xQVh3UWJqNkNiag?oc=5,
Reliance Industries to double cracker capacity at Jamnagar refinery - BusinessLine,"Tue, 16 Jan 2018 08:00:00 GMT",https://news.google.com/rss/articles/CBMiugFBVV95cUxOaEptZmZKbUhEbmJnaGZmV0ZoaEZ3UUdfblNwdnNmLVdJbTM2V3NhdmxIMlBFemc1WHc1U0ZJVlRpZzZnOWtBMzd2SVZMNjRya3BuMmM0dlljR2NQUjdqWklXaFJVLVR3VXBGTE9VX2swQTNQYVNTcTFCN2hvNDNjeXhhcGJMTGc4ZEgyZnYxMFp4Q20tUkJodmtaZi1Ncnc1ZzNYeWRwZ05Icmp5bjZ4SlpKMEhXZWZPRWfSAcABQVVfeXFMUFVHcS1YTDNXN3prUk1qQmRGSnpfWDhvQlpLNzFndUE0eWRxLTlkRnp4Z1ROMTZBcWJTdDQtSnNuRW1wTUEyZ2Q5Ul9FcGhwemxFa2YtcnBBNlNxMG02UncyWkw4MmpRVlJHMU95X0Q4cTc5bmpNRTk3S2t3R1hKT1JjX2pUQS02eVpUVzdNbUZRVkk1dFp6eWdfT2FsaUZkTk5Namplajk5U3cxT0pOUmVXczY5aHlwMlBLaUFudzZh?oc=5,
"Reliance Industries AGM: JioPhone 2 costing Rs 2,999 unveiled; to be available from August 15 - Moneycontrol","Thu, 05 Jul 2018 07:00:00 GMT",https://news.google.com/rss/articles/CBMi4gFBVV95cUxNNzY4RExucHJyM0JWZmIza1d3MEgxZTl0NGg0WUx3UlhZUmp3YzJIeWtDNEphbXRka0hLS1JLak5feGF4WUZuWFE5NF9YMGxWY1VzeXIxOVAxT1VqdVlnWTd3bFZuNWJKbXlWWmZaeXVTd0hIckR4WWJnZEhZQ0FiSjVCQkFUX3QtZ3J3RWQ3Mk9tbl9YUVNCVEJNNkFmRE5xZmVRcjJRd2lvaVR6SjJ2WmJjdXd2SUMzNV9XWUwzeUNlMTlzaFE1d095TXJzTGNpNFRDbFVaLVd5R0l6cmI3cG1B0gHnAUFVX3lxTE0yb0dPOFZnWDVVY0F0c1Vsak5IN3JrTlRjUUFCUXFoUjVtdDZJR0ZSSHlBVmlJM01EajlTa2FyMDVsWU45Q1R5OWRTUmd4M3B3cGwzNUx5Uk93eGpEclZ2dFVPamM0QUxUZDF2SVZLWktuSXBkUnBTV0RGMWlyR0Zmd1JKeWVWWmdra0h4VmdBSGFjYTViTUowa1lDY0o2a0JqSUJVdzlYNUl4WktZa3RSZEdXcG0ybEFyTUQ1eFVJX052NW5UTGNDUDZydURFdVpsQjhpVTFLN2Yybnk1X1hJTVJ4bFoyYw?oc=5,
Mukesh Ambani's Reliance acquires 5% stake in Eros International Plc - Business Standard,"Mon, 06 Aug 2018 07:00:00 GMT",https://news.google.com/rss/articles/CBMi1gFBVV95cUxQWGU0dXVRbmVLenBKdjZmcjRnX1lPVlJIYmpVeUc0U3NxemhzRXVodHg2c1p6a1VYc2g1WUotNy1VTVZUR2pKRFU0SHp1ODcyRHlWNkZ0TEJmLXoxejVVSG5QWkdSeTlRbnBUYUlQN0dpd2ZRVWwtelFIN2FjeWVoeDR2VVpMN0UydGtuUzdpTE1Qd2d1cHdibEtSMFFFNmptMTIxOWhQQjAyRUZGcDdLb1M5ck8xN3NZeTB5ekZldERLYXhLR2gtZ1VURXBray1hbTZqZkN30gHbAUFVX3lxTE1xaGdybjNRNkptX19nekNPdW1TUlBZZG95LWJvbnNqTmVXckZQb3dOTElhdlE4S1BwRnl0UGh5Q1ZTaXNHSlFHajAtSkxNaTZvUTNtT1BTdndnOVRyYXJJS2ZXTjhjUFZqUEVIUUxuMFVlamxwOURNWTFkNU5QVFpCX3pidmw2RzN6anhLTUhqQUxKN2tIU1VBXzBkcno2eF85TnptNmVraU1RLWtwQU5LNWVlRlpyTW9nWGNFTHprQmVRdkptZkR1SEZSeU1abWdTZDlvXzJVY2RGdw?oc=5,
Reliance Industries to Acquire Radisys - Business Wire,"Fri, 29 Jun 2018 07:00:00 GMT",https://news.google.com/rss/articles/CBMimwFBVV95cUxOZDU4cGdPV2xYM09JZmJGa3dzYkdGNGEydjB6Qk96YnlBR0l0bnJSWi0yLXk3VjVTMldnSzFSdk0yelh0OWZXVEw3Z0VibnhPODRtTjk2TWZjLXhBM3YwMk9aaGNMeE02Q3QzVFlsa2Q3R0s1NUZrNzhlRFpzSG1weUVhOXBOck84V1pEd2M5QlNHSDllSjJTZ3RoQQ?oc=5,
"Mukesh Ambani gets another 5 years as Reliance Industries Chairman, Managing Director - The Financial Express","Sat, 07 Jul 2018 07:00:00 GMT",https://news.google.com/rss/articles/CBMizgFBVV95cUxNNUtPVnRrWHRxc0E2NmFKbkNvYURzSDRjYTR5dFRGaFRfdnFQS2drU280ekZwN0U3ZU9QYmR5cU9rdmtEWTZCX0Vpb1JNY3QySWZla0RoUk15RjNoZDNSRHY0UXRna0tsT3htTmZhLWNobEFBdUMwdFp2bG1sTkJGMUdJOHpJV1ZMRGRzb2FVR2RNMkNRSVRBVzAtN0FVYXVUUTlQLXozRXJIZHRvM2xud0tJd3ladXg0QUlhR2pxVFR3ZFg2elVQcG0tS2cwZw?oc=5,
Reliance to make Rs 30 bn fresh investment in Odisha: Mukesh Ambani - Business Standard,"Mon, 12 Nov 2018 08:00:00 GMT",https://news.google.com/rss/articles/CBMi1AFBVV95cUxQTTJ4eTJtVFpSUkFuQXJSXzJjYmRDd2IwckxYdGU2eFZPdmIzcGhaTG5FWWhnMmIxYlNHM2JNZ0dWM2FDRkY5UEZobjZJOTlYczhGVGhIbUdsdE5jVjd1S2RGUEtrVndMUHRJdjc2NEhsQ1VsMEJZSUF3dXRFQUZWR0RWR3pFQW95TzZCVlpPNEZ2R3JndXBFOGpQQTlnT25pdGNnVV81c0c5UXFrNzZnQkVCTHhMeURWN29MV1BpNlBJd0dvdk9hWm95a0VvYTRRTVg5edIB2gFBVV95cUxQZ1VLQzNFaGVWVFoxTDJQdkVnUHlVanZ2RmZsUVVNbVdxOUpVUWY4NVdQS0tSRVpySDZFUlVwZVFVQWJlME0yTVpiMFJwcnRCQndjSkh4d3hkSkJSMmh3akxWcUp6TkNBQmJPLWpydlQ4SnphNTlPWDR2cHhINmUxWlo5NzhZNXBya29LRXlyVlBnSmQ3YlFJSkVXcjN3dzdfSnNCUFdSVERFUmxBOUViRTBNQVZHUU1WUE1rZFVwcmY3Qms2b3IzWDJFUDI5cVh6VG41bmdqQmwxQQ?oc=5,
"RIL halts gasoline shipments from Jamnagar site, fuel margins spike | Company Business News - Mint","Wed, 15 Aug 2018 07:00:00 GMT",https://news.google.com/rss/articles/CBMivwFBVV95cUxNdVRLSXBVREk4SU9KVDdXZlhGS25lN2ZmRmxqd3dmckRpRG1tWlNCOWFnNWc3R1p1WDhFMUJCQnYyWnhNek9uVWNTZjcyTld3dzdKU0tDWmRQbktCM0ItN0tYM3I1Zm02dndjWFM5VW10T3BMSGtDMzctNldiOFR3bXU1Z1NwTVpoRnpuN09Cc0VpSlFkWUNUOFV0NDI1LW5WelNPb1VMWmYtOWhhRjJZZTM1V295Z01ybC1ZRTlPTdIBzAFBVV95cUxOb2Z0ZGxRZkRKVWg2NDM5MWxyYzl4ZUVpOXkwZG92eHZOcU5MOWstMWljb2EyaDFHUjBhUWtXVVRxcExYVUxwZmp1YnJZdXVMSEhwZGlrakRRckpLUWZsUEphbFNXSmdiOHN1MTg4X0hOTUhmYVk4MEw2LTZLNlBTcnZVel83OER2YTBWdjdXTWVTYkdwRUM5T2ljbHNtdXE1QzVXMkdsMk5td2kwUDdWaXpDVGNCSmlOYTZ3ZlBGYWc2S0xxTWFndnhwSXE?oc=5,
"Reliance Industries share price soars 4% on Reliance Jio report, eyes $100 bn spot - Zee Business","Tue, 24 Apr 2018 07:00:00 GMT",https://news.google.com/rss/articles/CBMiuwFBVV95cUxQNXVwSzVma25WR1NGNkE5VlkxMVhRRXNJbXEzOUctRkdLbDV2YTNINTF2V3hfU1JuMDNzUnpiak5GTWh6a2JCMDJwMnpZS3hfdFRfd3haTl80NDhnNERoYWU5VEVOQzVFRGhnZE94LTU4b0dZZ1ZZaTVQX19HakZyZEROMFRVSmVWSkRUVnZOOWNzdUhwM0kzcjlQdHpBdEJhUnAwT2VZY29xM3hzbDJXUEN4OGNobVl5aHlR0gHAAUFVX3lxTE90Z3JVWTVxODRaTW1URmRIS2lQbDRLcW1TTXE4enI5V3RzcGwyYUswXzdDNC1aUDhybWJQcGszWmlieXVGRkgza1FWSU1yc2RCLWtKNDJyMy1OQ253RktnU2t5SVRNcVRvcEg1dFFWR3lLSWIxRXZBMTI2dlFyejlJWGJCRGhERU5Uc2Y0Vk9zWWRyNERjRGhhZHljR1ZpWGpMcTVVVVdWTEY4bzMwSEt3QWIyMFFQb2tIdml6NjhmOQ?oc=5,
Costly oil to shrink Reliance Industries’ refining margins | Company Business News - Mint,"Fri, 12 Oct 2018 07:00:00 GMT",https://news.google.com/rss/articles/CBMivAFBVV95cUxOZ0RQRjhtUTZHeHRYSzFqa1AtNUtucGlzYkFKV0lWMmY5dUc2VHpIU2Z0ZnZtcDI4Rm1HVVYyYy05M2RjM1VGbVJZZHhpbm44NHc0enFvQXVmcXpYRnkydkJJZmUwUXVWQ2RLN3BkUkxzRE1KanhKUmdFbTU4SFF2VkNkb0wzY2FGSjhVRE5IQXROa0F3Qnd4RnpqeldBTFVValBKWTFaZ2RfQVQ3UzZ2T1hudUJxZGdLOEdoatIBygFBVV95cUxPWnBSanY1VjR3VTdZdlh5WS1fMmZnRkpXM1loS0N6bFRaVVlYbVAxY0R6RW05UVF3TjVBd2pXMG1meF9ySTZKOWFwWEZYWVRMV3ZZanhfZFJDdW5GUlhHX0lfMkdYa0Z5Q1lsbmd5SFV2TXd3dlBSMnhRc1NqVUNKTXQ1VHF0UzZOcDJwZkFwT3JzUzhPOGYwMFp2dks1Q0VJdi0zMXNMQk9DMkl4bzRPUDBEcVlIRVhOUUR4TnUyNDVLbDZneFRfdkRn?oc=5,
Reliance Industries Shuts Down Its Sole Oilfield In Krishna-Godavari Basin After Production Declined To Zero - Swarajya,"Sat, 22 Sep 2018 07:00:00 GMT",https://news.google.com/rss/articles/CBMi1AFBVV95cUxPbzdiaEhpVnlIQXpSalJxbnJFZmo4WmNpNmJaNHUzLWx5MWY0MEpnNDFBMDRoUWloUFVRZGU3anVCeUlFWDRwVEJZLW5EaXhUTHl5X1RCanNXSWk2ZTZJbVlwMjRjVjE1YWJxYjNYQVo1eUxrSXZrc3MwV1V5UEVITHhvSktmMDhVTGVPdjlCcnI0anVZZktLRmlVX3NJbVd4ZTJ4US1oZm9QRXpQYVlxMGY3YkdnNW1ETXNMaG9PdWhGTWxhQzRrYl9sSVdzMFdvOGFVUdIB5AFBVV95cUxPOEpaTV81YVVHRFNBVzFwenJ1TlVVdUlwRGRjVmFudXk3MnFQSzkzeTVqeVJGR1V3Zml0NWFvU014Z3VTU2N1ZWY0YUpZQkVSRDluOHpPUDJEOURYLUJZd2pNbEtmRVhqNVpkU2xZWjQtODBwaDl1b25RVUVQTXE1RkZJT0Z4R3lkMEhsUmV2bXItREVFb2w2SUJyLU43X2lwQlZGbTliMUtONVJXUExIMkFSbk1kelRHVzgxUUR5Q1JLMDNiWXpLYzVwbUxFOVdtU2I5V2g3cm10aDEwOEJCN21vY1Q?oc=5,
Mukesh Ambani’s Salary Is Not The Number To Focus On - NDTV Profit,"Sat, 09 Jun 2018 07:00:00 GMT",https://news.google.com/rss/articles/CBMirgFBVV95cUxOZ1kzMEJoZVhETGZFYTlQZkR4Q05yenprUGNrWHZCRnVLalpJbEo3NUpWTjZoc1dZMkllX2YycFNMdUIwRGpKcG5vQ0F6eUE1dlVOTllteXZWMU5fREtROEN1ZE9MMHJnaGRkdlF0bFZhZEFzRUJRcXJ5dzZFZTRNdnV1aGZ4bTI3X1dRWHhjRV9GdkQyMTJDR3A4UTc4S0F4dzRhd0dvdGg5ZHJmM3fSAbMBQVVfeXFMUDRRUHZXRVI4T3owa3FrT3pFNXBKMlZGZGE3OVI4WHUzUFpOYXdocjZ0TG5kMjQ3UkVhVkhJWjRZaHhlYVFyT3B4REdiUEtXU0M0Zks4WXNURUlBX1pEYzJETVFENTFOeUFzNl82aHVsUzNlSG9aNzF0dzd3aGJObFBNV244eG5TWDBKZ1plSlRsaU8yWjNETFNOenNfamwzaWIwdU1lcHNSbDc5WWRmRnB3Ylk?oc=5,
Reliance may extend ₹ 750 crore loan to Indian Film Combine | Company Business News - Mint,"Mon, 25 Jun 2018 07:00:00 GMT",https://news.google.com/rss/articles/CBMivgFBVV95cUxOMnNNRGY0UXdxUEJ2b29ZdVdDTnFJbXVmckc4TGl5VElhdjd4ZzFZeFkwekhOTFgxUnJDYXBsQnhWYzdQdTRzaVg3LVlnYUNpcXdXeEliWkk4WnpsX01RNFdqRjBvWXNLVGt3YlVOMndtUDE1bUVOZnZ1ZDVtQlZ2SkI3UkZ4SVFHYy1hU1UxNmxrTW1lRlRnU3l4WEloZU1PZHdnNnRWRDYyNEZLUXd2NHIxcnRUMVBkLXk2dkVR0gHLAUFVX3lxTE9aR0E0RjJBcm9WVHRraGZqZDZLRWFhTEZ6Rkw2RzFkbzlhUFgtMXlmQ2w3V19LUVF4V2RDTDRBbHBHNmExVS1KYVZhMEtBcWtpeko0elJ6RFhVb1hlQWY2V1NkbEhaZUx1TDVsYnRUTkdQUXhKVnAwck5Sb1hBOXlheWYtZU5lbjdUSm1wU25SMm5JbmFjMkxUbG5aekhmN00yVzdSVzA4TVNmUEFrZEppRG1UcTFwc3JLRDN6Q0VERlpfR1VvbGNwZk00?oc=5,
"Reliance Industries to acquire Radisys to push Reliance Jio's 5G, IoT efforts - ETTelecom","Sat, 30 Jun 2018 07:00:00 GMT",https://news.google.com/rss/articles/CBMisgFBVV95cUxNcXR4OW1UWnRqNlE0VHlmRDFfM3BKYUdHcGpDQUZOakRRV1NQRGlWa2tkRTdxQjNhdWZCaU9ERlZTbGxnNFlQUWZRVU93M0tYRHdoQng2TG5nam1ucmpGMjdHeXBmZFMwX2dpSVFzOXFsSWhlSktrRjQwOXVJVkZmNlkzWmw1RVdsSGNaWmxZZHFLdndzUGlOTzJjaVV4WXVtZDI0R3h4MlhYQVU5ZDExUGJn0gG3AUFVX3lxTFB4S095S1BfeXU2czJYRy1PcDhYV1dzWVpJRDl6TmVFeXpMSm96OUppUDNtdVdNSFNEbVo1WVVkZUJSLUd0aUNVYjlPN1F0czFVcUg2d1B4X2xUc1U4aHdlTWxnNktrMTYtbk4yVmtaWTV1VFIwZFhUZEdseXktdnFNTDNZbHRZUTFBS1RpTWJCbFB3NFJrV25oT0tHM2M4TzVIZlFtYTh5N1pkdWFMS01mTUpObVo1UQ?oc=5,
Reliance buys into Eros International; forms $150 mn joint fund to produce content - VCCircle,"Tue, 20 Feb 2018 08:00:00 GMT",https://news.google.com/rss/articles/CBMiqAFBVV95cUxNVHQ5TmFUUmFiM3BoeEVNS0lTZmlSdWtxb0tuYU9UYkU0bFBqVU0yallNR1h3UnlEWWgwaFVQTzBSbVNVc3k1WHBPd0ItRlV1bGlRZjV3NE9RRERMYXBiUE1yUHZCZnFtT2E5cGRaZWpSVGJhTWZxaWFZcFFRQ2xTRWFoRzlXMmJuNGk4Ujd4ZjY1RXE2MXlVQUVBZ3BIVmNHb1paUElQMWY?oc=5,
10 key things Mukesh Ambani said at the Reliance Industries AGM - CNBCTV18,"Fri, 06 Jul 2018 07:00:00 GMT",https://news.google.com/rss/articles/CBMiqgFBVV95cUxQVElwNk4wSGZLVldmOG00NXJnVWJfV2tBMzZITkdtSlVTTUR0bElvMkl5dlB5OVh0OHRIRklwV3pnbFppcTZsTkhhcDhyOGNGaklzVGZSc0xRaEN4akpwZlUzNVB6V3VHZG1naVd1bVpQLVBfamZ1ZkEtYjZnS1ZQem1NX3UyaUx2N0VOVUxMRFVyNV9lQzdSdHFIbi1qak1pM0hKbGp5VmhHZ9IBrwFBVV95cUxNa1JRUGVBOERaSi1JVkI2MndDeWNEZ2VLdnVuNmJuTzdmMTYxQl9JajdwSDF6dERhaG4tVk1VdGxzVUw2U2xyWEVCeHV2ejFOMzlMcXgtMmIybzhoVTFfSlUtczg1VUExLW54T3ZnUGxsX0I1RzlzdVVKbFVrVkxwSEM0ZWo0QVNDV00wNmFKUk04SHltaUhTdUVQa0ozTy1uZk8xZ05jeWI5MW9BdkY4?oc=5,
"Reliance 41st AGM: Mukesh Ambani unveils Jio Giga Fibre, Jio Phone 2 with Facebook, Youtube, WhatsApp; Check all new announcements - India TV News","Thu, 05 Jul 2018 07:00:00 GMT",https://news.google.com/rss/articles/CBMilwJBVV95cUxPQ1FsbVZUOXdzbzZxTVBwV2owNW5GNHJfYURmMG9TTDNZT0oweTB6SmpZTWFlYXZMMDJGSzBvVzQ3SmpQWmJWejBUZkRSaHpHaE9GUW81SVFicVRYaGFFd0tqaG1aeVZCNXhINEFnQ2NEeFI0VGluR2NMWEZrMUpTN1B0R2ZoZk9TQWtuQlVKY2dpQmxJZlpaR1NaODhUbFNrS2J6aTMtZk1tU2N3YUdadkdfb0sxMzk2STMwNmZ6RzJBSkU4M3k3VGF6eEtudkdaTVRHSWZuamNNaHVCczU0YWV1RkpDaTJXcTNNcHFiSm91aDhYVkk2MzdYak9tSWdlMEllSi1IbmQtdi05VnVDQVBSenhKbGvSAZwCQVVfeXFMT21VNVFLdTRmWXBXX1pEeGVBU3FITXpwTERkU3J5MDlKTjhiRi1lMFdael9wTHhZRFZvakd5YjQyalV6S2tFU1ltbENNUC1lb1hWVHNUOGE2Zl9lREpwZDZwMkJMeUFUMlMxdXFmYlJOWjJLMURtT0FuS2duMXROUUg1M184clBBS0JFOFN0RElSX0JBd3paSHJGQXJoclZpSHNRb0k1V3ladjZKcjc0UlZBNnpPeXZJNk5mN2J2N2UtUDkzRGRwc0R3SmpJYkV4Q2xXajI4ZkxMY0JpYTBGQlI5NmxPb3lTUVhCazc0OGdxT3k1THdlMGhtdlczOGRTWmhUbll1bl9uQkVnUGFKeU5saHRXMV91Tzc0UU4?oc=5,
Reliance to buy majority stake in renewable energy services firm Kanoda - VCCircle,"Mon, 31 Dec 2018 08:00:00 GMT",https://news.google.com/rss/articles/CBMinAFBVV95cUxPZmJuLXpHRXR1Tkdfc1JZdDNLT1lPczdfam5KRmdxb01rdmo5QmNTUHBXblVYRk5NTTNhSkx6X09lcTJwT00zQTh0ZGJkQjl0ejRJNU9VNnpwUVR0RzlSYmR0U2hzRV9TZm56UFl0VDZVQklJN0p2cGtwaWp2TTNpY3h2TXFkUEVhOTZac0FZVkZReVZrc19KV053dWw?oc=5,
Mukesh Ambani led Reliance Industries injects $8 Mn in AI startup NetraDyne - Entrackr,"Wed, 26 Sep 2018 07:00:00 GMT",https://news.google.com/rss/articles/CBMiekFVX3lxTE5YZDZVR1ROWTdlcEZWNm44TUhLRkhhVFNxWUtqZ0J6UEVGaENCOEdrRmxfRjNJYnNCZEVMOW5CcTU3Z1VmSUE1VmVJaGxQdXJKZmpfZkI4THc3OE84TnZTa0hNSEhveFRWV2JGVkMwTE9IdWVJTWlsVjR30gF6QVVfeXFMTlhkNlVHVE5ZN2VwRlY2bjhNSEtGSGFUU3FZS2pnQnpQRUZoQ0I4R2tGbF9GM0lic0JkRUw5bkJxNTdnVWZJQTVWZUlobFB1ckpmal9mQjhMdzc4TzhOdlNrSE1ISG94VFZXYkZWQzBMT0h1ZUlNaWxWNHc?oc=5,
Reliance Industries chalks out inventory road map for e-commerce space - Business Standard,"Mon, 09 Jul 2018 07:00:00 GMT",https://news.google.com/rss/articles/CBMi2gFBVV95cUxOS0hpT2xVSXJGVUJWY0pwT3VGUDBSZ0ZJYzZZczNQV2VmXy1xQUUyZkp1RzdtRFFoeG05LVgtNEtmdU4xY29aRDJTUldSX3VBZl84dG91U3ctVEJueUNBdzNkdTM0T1VKV2FGSV9zczZSd1U2azZsV0hZSWl1Y2JFelJvczFhbXZRYXlrZlNWU2xLWTVfWFU4YnQxc19ENEZ5RGYwellQWGl2MFpDeUlBei1TdVA2Nk81OC1xMTFrNFpUei1IVnI2aHZKcWpHbElHR0FQQUVQZmk4UdIB3wFBVV95cUxQMVBsXzNJcmRUNmstQi1vNXJOR1pUT2NyY3pBQjFxQk1lbWhHOXJEY1BNWktJNW5JRnE2U3JuTUYtVTFVZ3ZjY09iUDUzTkNzaU1QZnlGQ0JxeTFNQkw2bkszWnE0MnFJSXJNOEYzWTdGMTJYQzQ4N2NOdTZsOVBURWRzUk5DTmoxUEdmTEFnOXdyMmpQNEFrY2ZxM1dFbTFjbk5CWkFMRmVDa2xQcFcyZlRtUWJvUGhoTE8tcEtWN2pHOHotWGdjRGhpdS1tRjlWbk16eUh0WTZnZTdvMWZz?oc=5,
"Reliance Industries to sell its entire stake in Cambay Basin to Sun Petrochemicals, says report - CNBCTV18","Mon, 30 Jul 2018 07:00:00 GMT",https://news.google.com/rss/articles/CBMi0wFBVV95cUxOdnJNejQ3SG1RSVF2X1pNNHF2NHVhOU0wVHlKMkM3UmJJaGlwN0pxck9LdU5OTU1RZFZVTTJLek5DczRaNkZNZU1sYVpqTmZqZTgxcDVETjYxd0piaWhzQzRSOUstcC1uYlYzR1BDcGdvbDBwbjdTUWl1YmRBNFJmQVI5aUtCc2lmSXhHZ1l5ajJkQmdlZlYyXzFuXzllVmdRSG5DZ2QyYlNTYUc5em5zNkNoNFk3dElDc2hxUEd4YVJweWVrblJJbmZpY1d5UG5BYkRR0gHYAUFVX3lxTE45RERDYk5ZbDd2S1QzaGhqMVlhSGVydWxvWVZQaEIzenE1RU1mVWdKN2J5V2ZPc0tlYTBrVE9RQng3ekI5QjNHdTVEMXJJYnpHTy1Zdnh5T21NTS1xOFd3Y1JUM0NNMVZhbURnb1JoWmthY2JOaWVqdk9VcGFDZVl3R2NkWFB6TW1tUzBOc3R3Tmw3LVpUQmFJN3VBby1WNWU5SExHSUt5eXRYQnJfb19sdnpfdlVzU1VZZXYtcEVPcUpNNFliN1Z3MHJMZFltYzJPMXJkalFiag?oc=5,
"Sh Vipul Shah, COO - Petrochemicals Business, #RIL, spoke at the World Petrochemicals Conference (WPC) presented by IHS Markit on the 21st March, 2018 at Houston, US. This is the premier gathering for the petchem industry among 1000+ industry decisi - Facebook","Thu, 22 Mar 2018 07:00:00 GMT",https://news.google.com/rss/articles/CBMi6wFBVV95cUxQWFpZb2tQQXVIMjJENnVJeDhOTzBiSERiN3hYbUdETXoxTlBFa2xiYWh5YUNRbnZ3TVNsR0UyVUJGdmhDZU8yYWJOOVpRdTJWZDYxcGpPZUk2UFdwam4tbGZwTUNqU1pCNjJRSnBzcnJvNWVjMzVGR0Ruc3ZZcGRoaU5rWnR6cGlVUW0tVzJMUWNxVmQwalNmWXJtbFpQZldjc2s2TkJ6bHBoczlsaTBEN29IcnVRMmg4Nm1XWTlKbmJlaXhWa3NQYUVaZUVmblRVcW9NR0owVE5Ib0QwUS12SlZKVkpBNnhLN2J3?oc=5,
Mukesh Ambani re-appointed Managing Director of Reliance Industries - India TV News,"Sat, 07 Jul 2018 07:00:00 GMT",https://news.google.com/rss/articles/CBMivAFBVV95cUxPcUpMbDZsWDQwakdQS3FiNjM3Yjc5MjRyQXlfQzN1RjFPcy0tYU9XaUR2Q3FXdXNVNWM1bHg2OEExd3RkWlFEUV9oaDRUZXRZeldJa0c3ZTJlMDlNNFZvTHFKNVFvRktiWnRoVUE0YjR3V0c5c0xyNU8yYXgwRVdDUlpGTF92RktjSVVIU0xyQmRwQUdmdlU5aVVGdmRJZVVuZzdKd0FHcDVGRVFZbkFZb21nN0htNktBaEtWVdIBwgFBVV95cUxPZ0pwZlk0ZnFIM1R3X050aVRtUFJVbjN6VEh1UWJBb1RBVjNTNjVVZEwyVUhCT0N0ZHBNTjBxWE4wYm5Sa3YxMDBkR3JxMWp5dm95eFhmRVVEYjdSR2ZVMHhqb05VOVN1SWdWbUhuT1ZrcFBNZWxtVl9MS2M0TUdUdW1Ib3dEN09vNHR4ZmRicHlsdEg5cXhodmxCQ013dU1pYWFoM2t3RGxMeVA2OTN6OUE2YzJReWJvVGpXTkJTY2N0Zw?oc=5,
Mirc Electronics to make TVs for Mukesh’s Reliance Retail - BusinessLine,"Mon, 26 Nov 2018 08:00:00 GMT",https://news.google.com/rss/articles/CBMiwAFBVV95cUxOZ1psTWNHUUNWNzhsX1NaZDBaY04xbjlzTTlSMnpHek5GTm4xUDBDVkpFVEdwUU1jcE05elBJSHozZlpjS2FhU2QwNGk1R2k0MUxNdFBWay04elhWVFFmTTJRTEtRUjU0T3NYMnJrMW43ZjM1blU4Y0xIMFF2LW0xZmROZHQyTkx1bEtYZnNHeDNaQ2Z0SFdkSXJIbDFnajcxX1V3dDlIWlRzakVCbWMxdEV2bUgyRjY4bmJtMktSY2zSAccBQVVfeXFMTWJNY2U1WXN4NXFpTmNQZktraEZuNG1lUUVPNUJGd3lTVGhIY3B3TlNzVGtBcGlhQm1fdjV3SHdrTXpPZWhyLTUxRncwVl95SjJ0TmNmNkx2d2lNWXA1cE5RaDR1N0F0MzlMeTJoN2xmU3o0RW1XRlJSb2JwSnY1dTdxRDZIVmV4LU9Jd0RnWE50NFRhbWJUczF4b1o1WkplamhMS3psZ1dVbWNSblZjTEVySk1VeEtuRkducU82UVZ1TU5pNUM4RQ?oc=5,
"Reliance may add more land to ₹10,000 crore Jio Institute project | Company Business News - Mint","Tue, 13 Nov 2018 08:00:00 GMT",https://news.google.com/rss/articles/CBMitAFBVV95cUxQS0tULWpjZlpPNW1HTGpQYVpfZGhneUE1STlKclpGWm8tMGJlNDJoeVpEWGtSMEhtVnpYZFJfMUFnY0RjQkRHZzNScTdaQm5qb2JSaHdoTGYtNENfUWRtV3c4ZG02WjV1cUNIMVIwbjl0RWtwQWl6OUdKRzl3NWZXek56QmdsWTlKMGZzWHRfVjRtY2VDamkwSGZ0VC1SRFBCV3pWeFFvZkltbFRETmlKV0Z1dUzSAcIBQVVfeXFMTXdIMEY4YXpTR2VBY1pDZmh3LTV0dm9JQ29CU3lFbDZhdHVBVzhXd2xTUERfYlNqV0lTUU1KTWZmc3d6N3Rnb0tncFZVbzZjRVk5bDh3TjNoUlJGa1pEcE8zWGZGMk5zemc4ZHIwR25LX095RG1wT3hwUW03RUpxWkItQVVOYUdOV1llZ2c2ZDNUM05seXkwSU1NNlNoWHNyRndqVE1hT0d3NlEydnRDZFl2ZGhfTHpJcXhNaWRHTC01TGc?oc=5,
3 Killed In Fire At Reliance Industries Rubber Plant In Gujarat - NDTV,"Fri, 30 Nov 2018 08:00:00 GMT",https://news.google.com/rss/articles/CBMipgFBVV95cUxOUk0xak9zODVJdHBDQlBpYjViVFpSczBQWkZEcXZqNm1lSHJzQjVPMDRjOW9wc1Mta0tLbXJiME04TUZZTFUxS0RTYmQ1VmFhaWFtT1dBV0FJSDhGTko4OGhHWXJWTlN2UG9MRVJGd25oZ0lTeS1GY0ZjMWVoZURnOEFham44RjBFUFBVV1VYMi1qTnptdkU1WERjY1ctcHlUeFFmc2tR?oc=5,
"Good evening, media release from Reliance Jio is here: Reliance Jio Launches India's First VOLTE International Roaming #JioDigitalLife - Facebook","Tue, 20 Nov 2018 08:00:00 GMT",https://news.google.com/rss/articles/CBMi6wFBVV95cUxNVDJEVmRpRV9VclZVcWhCVEhFS3FTbjlnX05Cb1Z2a3FGSkpmR194VUtiU29rYy1jOU54ekVRT0Z3UlVsSHMwa2c3anI2RDV6eFRoUVpjN0FaX1RhUTU2WVBveXJqTXdvQUoyUXRzWVBJRktHNXg3UURqTnBvVHRZSk5RamdDeGJRUGdyV1pVMTZWT2w5Z0lGakk2RE1USUxpd01hY0N0eld5NTdKdTNPWGl3cVJzb21hSDQ5NFFOeG9vNUxVcllwOEFHZnRkekc5TWhPQU1LczhqMUgtV25nelZJejRsaDAwZV9r?oc=5,
The 350-crore-rupee mystery: The financial transactions that led to SEBI's order asking VCPL to make an open offer for NDTV - The Caravan,"Wed, 27 Jun 2018 07:00:00 GMT",https://news.google.com/rss/articles/CBMiigFBVV95cUxPRnVZaG1RdTdjX1ViWjR6ZElNb1VnV01qU2liVmpHUlk4Rkc1VTVSMkpRcGRXZldDQXRzWmp0R0k5RkhlLXYxNDNSYUNoSW5iN0JFNWR5ZG40MzVsR2RfWjU1c2J6VE44WlM1N1NvdzFETmtOdENvMjVvYUZoUUpBNTdiekg5cTlzSWc?oc=5,
"RIL logs Rs 100 crore profit a day on petchem, retail - The Times of India","Sat, 28 Apr 2018 07:00:00 GMT",https://news.google.com/rss/articles/CBMi0wFBVV95cUxNNW9WLXpWSFZNRnBfV1Zzd3Nzc0dfUHZubDhJYUxqOWZxdko5QXpfbUlUb29sUm5VYWsyZnFQUFlhYlduWkFDZFE0clEwbWhULUJqTE4xQ3RiQ2xBd2FTVVE5VXpnTVdpLVVLVUxHRUhBQ2pyX0JRMlNnN0RpeHh6dldfcXlhYXUtM2VFcGYyOXlVZG9MdzF6OGh3dUQybTgyNXNXUVpQVWs4MWxzZlBYRkdqRlJhV0Q1UDZQek5BVW9jWlFhbjllQzhxZG9LMlo0eFVz0gHYAUFVX3lxTE9KUUhhcnUwc0JsemNnSXNRS3NLYWdZb0VQNENwNF8yaUdaSEtFVEhNd2Vaa2ZXOExIZFhNcWlvN1pNSFBTRlMtVTJ0bldTZWs5SmMzeVpIY1pxRkN4NHBqNzN2XzlnNkJaOVVVdkRONHd4a2hUNTN3R0g1NlFMMkIzelhrbWlQWVhXeDZ3TFhlcGYtTHZOM0NDYkM5eFFvckF0QkdpLUFfdDBYWC1sM0tVTE44TmRuWktaVmJHUkRTYzRlcDRibmdmazZsUzY4bWd6blE5MUVyXw?oc=5,
Yanam power plant: Plea moved against Reliance Industries - DTNEXT,"Tue, 13 Nov 2018 08:00:00 GMT",https://news.google.com/rss/articles/CBMioAFBVV95cUxQOWthbG9wSXN6OTVDNzNvVUxRVjF3bWxVMnkyanUySEEwMUdCS29BX19pN3RCS0ZwLXBrZTV1ZGlaU1RJV2VxYjdvYkhGTTI4WFNQOTA2TWtTeVBhNlJNNnFkdF9ta1RmNmVmRm5iR3FZbzQtQjVpeGp2V09fa3FOX2g5TDhUOHF4bGJ6UC0ybGJ5YnBzUW9OR3FSckJIeHY40gGmAUFVX3lxTE1CeElWM3F2ajlpNTRmSkpCTlJmLVJLZnBlTmJseUlNVjN2WjdHaE1hUEJObEdJUXBoNG1hSXZxWlh5NW96eEF3QlIyUVJwVlI5X2JSMGtua0dlSG54X0pvenprODhJWXpRRjFFUXVuTXI3SXdiUm5wem1uOTVjTXNLY2hvVlhIQTZEZmx1cWdIWXlJTXg5NjVVbl9wTnE4bWpoTU9qU2c?oc=5,
Reliance Industries sets up Jio unit in Estonia - ETTelecom,"Fri, 23 Nov 2018 08:00:00 GMT",https://news.google.com/rss/articles/CBMiqgFBVV95cUxQajVYQ3pVQzFhUzFYMU5SQ09zaTI1MzZqVkJBN09GNkFPY3Fxbk9wZzNHWHlTc25uSkxRekNobDNvRlpHQ1hoU3hqb2JOZ1p1TmVhekxFUHB5VTRUdTBqQVFYSzBQYWl2VXNycjVOX2ZyWEl6UnQxODJDdGMwbGFnY2FyTWhDcUwtTTIzcWNtVTFPeU9JTWg1NWZWWEVud3NhVEttbDFUX3ZHQdIBrwFBVV95cUxQRkFvNVR1M3ZhMFowLU40WDJJTUUyak8zOWxxYUwxWFBEalo2RjVnWkc2ZTFBWnhMVWtpOVZmemlIUG5tbFRNYUlkT0xMUFQ0bXgyU3diYlNZMm1rRm4zVmF1YVBfcG1WbGc0TUVDdFpzb2lHUFhoSzdTbzU0NnZKN3dlS09QdmdNNkFsR3ptUGl5VHhULU8zTGN0SU1oLWFkVkRlempzYmM5X1V2bE1N?oc=5,
DE Shaw-Reliance joint venture surrenders membership on bourses - Business Standard,"Tue, 03 Jul 2018 07:00:00 GMT",https://news.google.com/rss/articles/CBMi0AFBVV95cUxOeDVYaGt0WEhzVHh4MmpyaE40WW5KcUlqcU8xVnFOMDdhd2dweFZtc0k5VHJRU1l5dTNkUG4yTVF4Sk53NjgyWFVjNFJManBybm1SRFRnV1VkMTJyWncyRHdqS3Q5UF9CdkZjN3ZNNjJSdTBmMTlhbGJJTjJuUzlpbVVYdlZSdFd1X2NrOHl1X3NqbXhydGZfODVzcjl0LXZmNkNLNzJISTRoVWFXTTFGSWNDTVAxcVZXeDdGeHMydklSNVVoSFc4YWEyenZIcktv0gHWAUFVX3lxTE1sSTNoNUR5YkhsejhaWmdKWHRkdjFTMGJMUEhsRm5ER21sV1lGZG5tZEd4UDFESWNuSkg5b1lpaXd0V3hDU3lFMDN0T2QyV1JOTHFfeDc4MFlldTJKNGx6dWR1WFZYbXJpc3VSQklnZWNFQkwxMGRQV002VTFJVkRtTDZOdmpqR3hiTlBIeHY5WW8zYVBRX1NUa0Y5Y3hwU3huamVrSFREX1RoMTZ1c1ZwcG54Z09fbTlycGxzNG1nSC1oSkNvOU1HMHo3WjR5MUI3NDVrZEE?oc=5,
Reliance Industries profit up 17% in Q2 - Telegraph India,"Wed, 17 Oct 2018 07:00:00 GMT",https://news.google.com/rss/articles/CBMilAFBVV95cUxOckpEWmFTbUFQcllxeE5CS01HeXNuWWhLUEdya01pUlE0VjQwY0JQMDlYSDdXc3I3T1FRazdyakl6ejN0cC1lcnJYVG8xOHlaRmhmWURzblpMdDh6Q1FPMUZiZEdnQzlyNmI3MnB5V1BBbC10UWpTM1kzTV9uYnFaZVI4VVRob2Nma3N4S1kwZ0xlbTZw0gGaAUFVX3lxTE9qZC03U29IWVdpTmZpejhDWlp3QXNnZG9nU1BTblp3SHhLenB2SHFhSUtBLWhUdTZiZzhXQXdXQlZfVmQ2eDQ0S1FKVkFBeUt5bUxyUW9aREVxUzdaZ1ludWE5MG94NXBiRERIaFhsOWl0Mzlsbk53TnVobDY5RnozTEoyaFd5M1ZpX1l1d2Vjd3NCRnFPVU5acUE?oc=5,
"Reliance Industries Q4 net profit jumps 17.3 pc to Rs 9,435 crore - The Indian Express","Fri, 27 Apr 2018 07:00:00 GMT",https://news.google.com/rss/articles/CBMiugFBVV95cUxPR0R2b2MwTUdnWkxsakVjTDJya3lqSmIzanVkT3I1WGlCU0hpWWRsWlkwWnN2YzB1Z2lZMTQwQzY0ZExzdVkwaVpQc3lvVjZLdEpWTHM1c0tMTUtsT3NuWVpWeTdPQkVOWGJiU3V4d2ZoazAzS0c5b3psVE5laWhKLU4zWkNsVWVqaEVMZDk3OGdBMzNEWVlUWnhOam02T0xXSVFfSUlpV0xianFVblBSdXkydGhxaWx0SlHSAcABQVVfeXFMTVY0RXJpMHZSOU1PVXJiT1ZnYWFNR0ZXRXZ2WW9DUmJPWTNncG9VSEZmaWFaamNvSi1GYl9ZVEVnbXZQVTg2TUJKS0VGUEpMd2VabHdoREQ2YjFLcFhxTC1FalJaLTYxZk9SZFFaeEJwRmoyMUJ0R1o4SzZ4MW9UaUJ2OGZrTkI1Y1lhNFZ4V0h1ZGtrd3hfYWJkRHBMQlhKS0pFaHlIZC1OY05xZ2VReXdoWXNmc0hBXzcxX3ZhZGhk?oc=5,
Reliance to sell entire stake in Cambay Basin to Sun Petrochemicals | Company Business News - Mint,"Mon, 30 Jul 2018 07:00:00 GMT",https://news.google.com/rss/articles/CBMiwAFBVV95cUxOWXNOUUVCWndLQWJQMmNmZV96OUlfaFJ3TzJ5SkItVXlzeE9PMUhJSGtwcnRZV0p1bU41ejBLMGhkTVFZZEl1MmVMMU55WW1idTdXcnBhSXlVS21qUnhvZWcyeUhROExtM3poQmxGZ24zYTV6SlRsVXRQcldNTXI2V3YyUVR4bXZ6WkM1ZEVtTjExd1ItX0RyNUpJTjNtcy1TaUgyRGVESFdGd19HckdvZ3lvVVBRVzZIYzhFbTc3UUTSAc4BQVVfeXFMT2Rvb2hDbkpIN0RQVXdEV3RUazk2RnR3dTFiV2xvNThiV0I5WVhiY1B2S3hfUFN2aHZZdWtGLXVVRU04WGtLaUlSSnY2YTJQYXVaV2ktX0pGYVZYNWU4WGNVWFJ2eTlXb0FzNml0TXRBa084aWh1bjVGZkEyWDNVb3J3eVVTaUw0TVVqeVFsMVhmcWM1NVN0QXdkZ2VOMkdCWnItWG44Rlp4ZUl4Qi1aNmVyVjBEbG9DREROcURxLW5YaWFQU2NBX29ZVjRKZlE?oc=5,
Reliance Industries acquires 5% stake in Eros International PLC - Exchange4Media,"Tue, 07 Aug 2018 07:00:00 GMT",https://news.google.com/rss/articles/CBMivwFBVV95cUxNNUdZR3hNSVU5X0NCRkxsZ2tIMDBhTVBqRjAzUzBDNV9NNTFnSTFrcFVBY05aY1pjWTNzazZjbHdhWm8tak9WYjJXSVIxMTNkQXA3ZU1oWllhQjFxWHptNXg2aHRQeWRfZHUwY0tRcFBSRXFpQnROclZMM0NaZzFrdllhX09HakxzaVJZOERyX1g3amw1eGlJMk9ZN2ZiRUI5dHY5YmJIZ1FPdFAtR2U5bzl1LVllbG5DQmJaRnJSQQ?oc=5,
Reliance to shut its only oil field in KG-D6 in September | Company Business News - Mint,"Sun, 29 Jul 2018 07:00:00 GMT",https://news.google.com/rss/articles/CBMivAFBVV95cUxOOG9qN3FGN1oxWmZ6S3AzcXViMmUyYjJFUUxzc2pXLVhEdlZubjZOV2Z2QlMxODA5ekNCVlpQbGRLcGhzV3hFcjdoZm05WFpCUW5OQW9lT2QtcGFqaTR5bEJRVXB3TzBmcXJYaHJfUTVDMHJhbVM1bWJJX3RXSlJSYVQ3Q3FVMkkzZmZjdUZsNmJzclhucl9vN0dSQlB6cDZtWUp5RWRIMlFRXy0tRVcwUHBxSEhoTmtiRnZ4MtIBygFBVV95cUxOSDNLOTdSRnBfX014NVFwSFR4OHc0NlR3NkNEREdoNVJDZ3dESldBaGxqNmdsR2tSNGtPdjlSWk9vbFBNa2hzWWdzNGVEN1djOXZ1Q3ZYSFRjQTlJSWMtTXZGMm1kZmU0ZFlycW5PSWxwV05QbHQ0QlVjd29DaDByNjh1SnROWld2alZ6VVR4S09VUmZlV0FHVUNzbXgtTElkNXBaRnpDVWloU0otWnBfbGo0eTVORU5wb1B5OWR0LXJQUDl5eHJreGFR?oc=5,
"After investing $37 billion in Reliance Jio, Mukesh Ambani's Reliance Industries Limited looks to raise $3 b.. - ETTelecom","Mon, 11 Jun 2018 07:00:00 GMT",https://news.google.com/rss/articles/CBMiyAFBVV95cUxPakVERURMSERfc1F2dU5nOGpjTGlfdk9EQURVNG14Qml4NXk2MElUd0h0VFpCVGhSMktNV1ozWWxrSVdnQkVELWhiWUNERUhiSlpyUFdvZHk2dWJpX3hlUXNJZXNKX0xINFlEVXJPMUhldXE0Ym0zSHFiZE0tS0Z0cjF6RUpyS3IzZW04ZEFSSTBFQm5OOFBKTXZRbTd1cWRVRDZtdjUxaEJKVnRncERLb3JDcEY1WldJajJTd204Ynh0MUFsVWhLT9IBzgFBVV95cUxObV9NV1RoQ3BZcDdWUE9EQTBsbmlWVllQaVRhM2Rfb0RoVU9pS2lldXlaZG5VMHRTQzNBN3pONnQ2UHJ2dURvcFJwTkk5d1E1MDJjWUFCQnFVYlk0LTVMSGd3aXRxSjI4U0dJVTMwNVpmakNkZlo5Q0M5RGtJRExmb0ZWUDZTVE5jX0tscmVqZnRkYzNLVERlelBIWnI4TTZlV09sSnVFSUFVYjdURExlcU9RbE0yN0VZSGgzRkRuWWVkaG9qbnBCS2h3Vm1VUQ?oc=5,
Media statement: #RIL announces strategic transaction with #SAAVN to form India's largest platform for #Music #Media and #Artists - Facebook,"Fri, 23 Mar 2018 07:00:00 GMT",https://news.google.com/rss/articles/CBMi6wFBVV95cUxNc1pQX0Z2VVdKMVVGcmZMaHJFMFBmTWVHeVdjRk1uV3VKUTdGNmZJTGFUZzh4akE2amI1WHhkWVI0b3BYQ3IxX2lHaGNfNUxnUmJ2T3BJN2hOdk1wNGZ5OTJreU44allwR2FLYlI1eWswWWljZG1jcjNBb3M1ZWpDTjVHX2tBTEthSDJjaDBCdi1FSEwwM2pBZ0VKWjMwV0x2Z3FWdm91d2JsOG5lUUNjNkpibTk5cVNvSnVuUlluclFXSF85NmlFdXpudnc1aDkxUHNtUUpzZ3ZsZ2l5WTgzbGU0UnNhQnZKNVVZ?oc=5,
"JM Financial, Reliance Industries set to buy Alok Industries for Rs 50 bn - Business Standard","Sat, 23 Jun 2018 07:00:00 GMT",https://news.google.com/rss/articles/CBMi3AFBVV95cUxPaFRFSE0zTnFQWDBrTzVoNDdVVlNDT2w3bUctOGNYQmd4TnBBTkFGVWVRcmtRZlhuSlVxa0dpZm9yZ1RPdW1STGRJNTM2YVByZXk1NElWMGNtRHEtcGpkakNSaGpNU2kxRDJRM3VDb1d2V2I5YnhubUxBYXJXN3F1RzZxYWtKbkMzd29SSWl1ZGdmTk1adGRQallBYmNlelc3RXV3NEtZOWRZdld6LTRsWkp0WVljUTd6S242TXE5cl9qMHJpWEstT2FXY1dSREo2YUlNV1JzTVB2aWRl0gHiAUFVX3lxTE43WjhVRkFGeTZoWVdfdFY1S0FsZnJpYlBCNDNuNk9XTFhMUXQ3bnIwMFRxNTBMeU9pblptWTU4MmRkMkd3dFYwVm02Ny1JWkdvOUtibDNuQjJ3Zi1VZm1BY2JaMlJaV0l5NmpKN3dRQmtqM1dIUm9tSVRNY0VEZFFfTFZISkwzRjltLUNocFJCYnBpVDlYRG4yNFFqS28wSkY4TGs1LXhuYXkxY1dodUlSd2FHRjBvM1FjeDR1UnhRQ3ZaeFFSVDJjVWttV0dsMkQ3NF9wY0VrZkdlc0t1eDFwNFE?oc=5,
Reliance appoints former SBI chairman Arundhati Bhattacharya as additional director - CNBCTV18,"Wed, 24 Oct 2018 07:00:00 GMT",https://news.google.com/rss/articles/CBMixwFBVV95cUxPRmFjS1pBZWYwNXdTenpKUU92OERlZUFzSnhpbHNkNTUxcWhNekhDTnNOWjYwVHlpQkNlQ2lJeG1EZkU5ZTZOWkRGMV9TVDJWNUdnbkVRZDFDWmdQM1VFci13Qk1OcUpXck5ZMlJpZWlRTFhiX1VrVGZWbWlQMXBTMHVqU0p2OHlzTUg3QmVfcExkWkhJOUVUNE1tMEk1VzZ0T0ZaUWZGODRJbDR4ZWtDT3E0ZTk0QS0xbUk0QXE4OHV2TmYxZTFF0gHMAUFVX3lxTE1CUzl1Zkk4R0M3ZnN0LVVaTDJMUFBmS21VZWxqVzFucHdTTzVkWXVkUjZjQWEzejZJcnFXY3NqUjZWeFdSVHlDLXNFSDd3Q1lzclNZSzdXbVU0QmppenZoS0hGc3FyM19ZZzRVOGE0cVE3djFsUkpVWXpMMkNOZ3Bqd1ZIcFNvajZCampVRUVMbDdsTHhYamh0U2c5YlJkcF9ERVNDa1lQLUJEZVpPNmZBc3hKblAyVFNLWEN5R0x5cHJUdHZ2V3E5cDNOSw?oc=5,
Reliance Industries AGM 2018: Mukesh Ambani to create hybrid online-to-offline retail platform - Zee Business,"Thu, 05 Jul 2018 07:00:00 GMT",https://news.google.com/rss/articles/CBMi0AFBVV95cUxOTEh0R053X2s2d1BUZnR1Q0hSU3RST3lkSXhQV1ZISXgyNGZ1MC1lbmZkQXV4VzJWUW1xNFFFUWVnM3V6el9peXZKNU9XSE0xd1o1aUQwS2J1dFVVTFhRWWhRRjJFV1BDVVVLcnJzZ3Y4emJEWVZ6eUtMMEIyR1V3TUVpeHI3czFHTGtLM2I1dnBTUktqZFZaRFRPUEhyX3ZWVG5vX3QwS0pSRDFwVmtqV05tYkRsRUdnS0VOc2g0SXl1YVloekVvVmlRUWtCWWpK0gHjAUFVX3lxTE1FVHpWQl92S2hEbHlHaE0xa1RVWVNJaWNyYUJfOWlJcFROa29jMmZCckFKYXlWMmg2Q2UtUGZhZkZWSEVOS29vZ3NlQTVlbUR6R2pjNVFwcWpCdXlQUFhIbk5pOWJYQ09hQnUzU1FCSGw3bUttMWdpMXV3eFJ5UWtLb19wNHZ1cEpvNzJlanF6RFBYdEsxQ3FSdjBrRnpWNEtmakFhdWdBZ05YNkVwRUVLUm44WFc4LXptVk83N21Venp1eUV1cnZVaXBQN2RCVDFpc09sc3RGSHFSbFlyend4WjRr?oc=5,
"Fire at Reliance rubber plant in Vadodara, three dead - The Indian Express","Thu, 29 Nov 2018 08:00:00 GMT",https://news.google.com/rss/articles/CBMipgFBVV95cUxNQXVYNk51SmRZb1NGSGt1X0JoOVd4Vm1tczVGSExGMkM4OEhvTVZuRVZHY3psS0F2MGxtZGk0b2U3ZGxJbl9VakFwMmw0Z0U5TzQ0bXdtNmVrUW5Gd3FKNFlqVjlqYjNuc29iUWxERFFaakdYMTBnQkp1ZXhGbl9tNXdRdmJsRzByLVY3bWpLdEFGdnptLVhKdWxjQlFtZ0NlczN2OE1n0gGsAUFVX3lxTE5QckdfZXliV2VuZWN3Z0xJMzYyd1FPWm9mNjlwejBVOWdkVXhmbm5MR0JzUGUwRDdMZFhoN3hidTcyV191WE1ZSHNTWkdWVS1IMFFMRjExRV9ET1oxa0s3SExHQTY3aWRIbnhGaEFDYVVvM2ZRenMxUWZqM2JBZ0VKdUYtSC1lQ2lXM0J0NFNybW56S0pLcVpjaTRwRERHOVlDRUVzdmtPUkg1QkY?oc=5,
Fire At Reliance Industries Plant In Vadodara Kills Three - NDTV Profit,"Thu, 29 Nov 2018 08:00:00 GMT",https://news.google.com/rss/articles/CBMimwFBVV95cUxOVzBzX2VuQUI2cVZGZ2hqa2FGOXdPb1dlUFViNV9NaWdRMThRVlBXOTJyZG9WU1k5cVc0T0lwYUtwN213MzZhbGl5TENmYkRBc3h5YW5UMWdtLWl4V0ZPWDFXM1ZPc09wWkxlVGF3NXVEOW9EX20tNlltY3I4VHlkZm9uUkxWMlQzX0RkUWxsczV1OGF6SFUweFVYRdIBoAFBVV95cUxNaXZtMEVOM3BOLVBjc1hDeExmUU1MdkZfRlo1SzFKM0ZfUmNrMWNvSXFmMk1pUDljV0dVaEdLRkdET3pqc3pLYkV0bFRUUURtZ0M1WlpVcFZXbU9ZbjhoNXFxTDk2bkJ0X3FFWDJTUnB2YW5XV0s0bktiVzU0OWd0VWF4UDNaMWk1VFFjR2ZuU3YyTTJOMnFNSGF6MnJ4WDlx?oc=5,
Arundhati Bhattacharya joins RIL as independent director’ - Fortune India,"Thu, 18 Oct 2018 07:00:00 GMT",https://news.google.com/rss/articles/CBMioAFBVV95cUxQZEVaQTVpOVRyMkk2T3Eycm9hZ2R2TzB3M0NtNWR3NVNMRWthOHZKOHRvRDh5U1dYNFdzVEdhNXdRUzJfWFpGQlpQcFpLbGhvd2ktazNsV2g3N3VaWnFuQnZzWHR5dGNPRDBVMmswR1lHSWhESmRXRHR3aEZhbmJSVzU0V2l5ZWllMUwwWlo3U1dkUW0zeHl5YjU2TnVJcDdC0gGuAUFVX3lxTFBpQ05mUk1qSFViUGNMYXpkMlFjMnA2MnNjUXNIdFV0QTdrSWw1VXdkUkpjbksyUXdLY1dKdDZTRnhVWk13ZEVmSDVaWGdKd2kwYWlqb0lRcnQyTGVkbU4tV1FSLWIweXFBWFh3ZXctT0tnbXZmZ1VCbkI4WjhuR2hCU1FRc05OcVRrQTg5Y2hydEgwaU94NU1IaUpza1hVZ0F6SnNyOVlJTzN6MWQxUQ?oc=5,
"How RIL's acquisition of Hathway Cable, DEN Networks hurts rivals - Business Today","Fri, 26 Oct 2018 07:00:00 GMT",https://news.google.com/rss/articles/CBMizAFBVV95cUxQcXdLLTBocHk3ZHp6ZER4VXBrSTdsSWF6SWhiNjRzUHRMVlRHRUVjY2dndjlFLUI1TmdPdWdvMjU1c2FQWEhLRElOS2FkV3pvM3ljVEdtYVZwcXpIVEpKeXZqaDRUUmI1RE1IYjBnUGljc1pQODB4TkFkRm9ROFY5eEJab3pPTnhzQUIwQkNwM0phSDJrX3ZrMWduZnZDa2pqVzdOWjFEeGM4blZXaDFzd3dHRjZDSnR2MVhicXZCQ2x1N2w3SUNKWEs0UmE?oc=5,
Ambani's EWPL seeks tripling of KG gas transportation tariff - ETEnergyWorld,"Mon, 07 May 2018 07:00:00 GMT",https://news.google.com/rss/articles/CBMiyAFBVV95cUxQV2d6ek9JNUdhNjJTZ2Y1UTE2c3FWc0QyTUpQa3pueGlzNXBCbUdqbnV5TmVIUTV6VXJ1Tm5BeWhPMkl4VGk4bUx2RUJXVmZrZXhJN0RJUEdWYW0wV3JId3Bpb0NKbkZnejc0c19QVEthRFp4R3BzVXlnZEtVbXNjTWdYNzFudnB5RnRXZ2xCMURHRzVQWkFhNFZhY2RvMDlGbE5MdG1jQUlHR1Zyc08zZ0JkOVQxQlhtV0I5VTZPek1ZWlFCRWFFMNIBzgFBVV95cUxPVlhhb0NERFVYQXZSVXphdUZFaUFBWFFZRmg3ZjF3TDUzdHRtRzktVmtQSFJIbW1PTzV5c1l4alhZR3R5S1ZuSlpHUDYxMzM3bnBnd3JTZU9Ha3RhRlZMSlFoSlR6WDVZWXBQeWVEQWF2c1M0a1pWV0xuTXR3bE5lRC1raEpNaTV3NGNpdmJmdEQ1a3ktSFoyaGR0Ykh0YU1BdEpBVzlUWjJFc1NHbjFqeHFRVFA5VkJWWE9oem9IcmlTVmlWeEVmUU9zTkxndw?oc=5,
"Reliance Retail buys 16.31% in Genesis Colors, acquires stake in 5 more cos - Business Standard","Sun, 09 Sep 2018 07:00:00 GMT",https://news.google.com/rss/articles/CBMi3gFBVV95cUxQTE1ZcUNwY1pwREVWSGNpNWlndW1wcEtVZ2pxUkNvYlJKQWR4VkdHRktyOUtwb3loSmFZckViZV8wZ0F1UVd0b0RiOXRJcmMxY040T1J4aExPMFVZbE9Pb1NsbHZ2NkFhSmNBZ2Nyakw0X3ZTWG4yRnZGcnU3ZUVkX1JLVGw2SXBwVW5waWNJQ0hsUHVCaFJtV2o5Y2ZpRC1lbUYzc3l2NlNBZXRaQkUxZHl4RTYwRlZTYncxTGduOGdzS3Jla1Vsb2h3YXpDU1FjVXgySGpOdEZ6NVZhMFHSAeMBQVVfeXFMTXJWNkJZTHRWTm1fcVVTaDJQRkpSZGJ5cXF0bU9lekoydlp3VVpXWm1sbVNNN01MTExoU3RZamZjMzh5WjFRdFZ2WU1kUWU0ZmxEaGlob090T3ZDTVJuOVl5aUNrNERBY3FRZEMyMHMyVTZLTnNiMnpWclZOSFZEOVhBV0JjZ2xnZDU2RGs5Zmx1NFRtV0d4b05iQ1NIRWczMGYxWlFpVTZRaXRNWlQwMU12Zmd0MTlONnhqY2RTTzE0WWpITjR3NTZROGROVFNwZVNMX0xkTEtmQlgwQW1oUlVFNkE?oc=5,
Reliance Industries 5G push: Mukesh Ambani-led company to acquire telecom solutions firm Radisys - Zee Business,"Sat, 30 Jun 2018 07:00:00 GMT",https://news.google.com/rss/articles/CBMi1gFBVV95cUxNWW9oRk9rUmRTZVJyOU44Q1pIZTRkQjdtejZ4SVBDeklLMzBla1l6WDJtTWJORzEyV21Rekk5QUI0THA3RldqUndKcFNpYmtrWk9PVGtlbVhOUGJaME9qclhFeDhfOGpvaE13OEhFa0ZOcTcwYTZBdlIwYTBQbVhDU1hXdU5Ec0Q4cXhITGRkdzNoVkxrWkhtOUNUNExFN0s1UjdySnpRbmRfd3JXajBBQWhnSXhGR3QwWHFPUE9nbWFWbVdzRFVKclFTb1BxdUNGbUdUdTJ30gHbAUFVX3lxTE8tNTN2LXhXTHhMMmdFYkpLUUs4VFhQSVJHR2dTeWM1bnE4cmJyZ3V5U1plbjNxVktKU2dxVzFsaGhTN1lwNHFNQk82b2hqRWNwRmVON1N3bGlsVGNuWjJpY1VlQ0JmRDkyQWVKYnZ0VkNJaWxvS3JTWFV3SlZCRW1rSU51b0NRMGVRckRiNmhDVW1uQ2tWREZqQXdkRzFyTFN6eTFpZWxkVEhYSUVhRVVlY1dJc0wzUnJkRGZ6cjhSdEFwWHlvOGNPQlRsOG9JUi1SRXpNcGNIdTVDbw?oc=5,
Rafale explainer: How are Anil Ambani and Reliance involved in the controversial deal? - Scroll.in,"Tue, 14 Aug 2018 07:00:00 GMT",https://news.google.com/rss/articles/CBMiuAFBVV95cUxOSnFielllSm5SQkQ1QW81WmFKYnd0U1BUdVd0RnRCakh5bURGUEQ4bjQwTS1pU1IxeFQ4TkJscHNxWVVxYThuTENNQUpHZG1QazFCTnpMc1pQbW8xWkc5WTJIcXZjdnltM0FmaWZxR0R2N0pLWmdrQ0J3LVd6VVVwUmoxQnRfNzBxUXJDYzAtTmVsSFgyWU9hYmgtYTVueTEtcXFVVHdfRDNvSThnU2xkTEEyYVFNQXBF0gG-AUFVX3lxTE1ZaXcyNTQ4TXFlTjZFZFpQQ3JwdF9PV0ZsbE9VV1RiT2MwaHRCNlNEd2toMVRZSHFhTTdYY25xNngzMlAwZFhTTGNyV2hjUDZCSjhQVXpkY3RUQ25jcFFmcDUxMTNJYWtJbk4tNFMyYm1pNzIta0FXTkVoWFEtNUJfbUFTOHAzZC1ZYjJoRFpMY2wzMkwyeGdOSmZPY3dsQk0yeWNmdjB0akdBQzdTdEo5eUZ2THlENHhIdXlpZ2c?oc=5,
